,Unnamed: 0,distance,following_x,front_x,frame,front_speed,front_a,following_speed,following_a,front_id,following_id,front_width,following_width,front_class,following_class,front_feature,following_feature
0,1,54.910000000000025,0.0,54.910000000000025,6673,21.750000000000117,6.249999999994316,19.999999999998863,12.500000000024158,799,809,16.47,9.2,Truck,Truck,,
1,2,54.97000000000003,0.8199999999999932,55.79000000000002,6674,21.999999999999886,6.249999999994316,20.49999999999983,12.500000000024158,799,809,16.47,9.2,Truck,Truck,,
2,3,55.03999999999997,1.6400000000000432,56.68000000000001,6675,22.24999999999966,6.249999999994316,20.50000000000125,3.552713678800501e-11,799,809,16.47,9.2,Truck,Truck,,
3,4,55.089999999999975,2.4700000000000277,57.56,6676,21.999999999999886,6.249999999994316,20.7499999999996,6.2499999999587885,799,809,16.47,9.2,Truck,Truck,,
4,5,55.14000000000004,3.3100000000000023,58.450000000000045,6677,22.25000000000108,6.250000000029843,20.99999999999937,6.249999999994316,799,809,16.47,9.2,Truck,Truck,,
5,6,55.17999999999995,4.140000000000043,59.31999999999999,6678,21.749999999998693,12.500000000059686,20.750000000001023,6.2499999999587885,799,809,16.47,9.2,Truck,Truck,,
6,7,55.21000000000004,4.990000000000009,60.200000000000045,6679,22.000000000001307,6.25000000006537,21.249999999999147,12.499999999953104,799,809,16.47,9.2,Truck,Truck,,
7,8,55.25,5.840000000000032,61.09000000000003,6680,22.24999999999966,6.2499999999587885,21.25000000000057,3.552713678800501e-11,799,809,16.47,9.2,Truck,Truck,,
8,9,55.27000000000004,6.689999999999998,61.96000000000004,6681,21.750000000000117,12.499999999988631,21.249999999999147,3.552713678800501e-11,799,809,16.47,9.2,Truck,Truck,,
9,10,55.30000000000001,7.54000000000002,62.84000000000003,6682,21.999999999999886,6.249999999994316,21.25000000000057,3.552713678800501e-11,799,809,16.47,9.2,Truck,Truck,,
10,11,55.31,8.400000000000034,63.71000000000004,6683,21.750000000000117,6.249999999994316,21.50000000000034,6.249999999994316,799,809,16.47,9.2,Truck,Truck,,
11,12,55.31999999999999,9.260000000000048,64.58000000000004,6684,21.750000000000117,0.0,21.50000000000034,0.0,799,809,16.47,9.2,Truck,Truck,,
12,13,55.31,10.120000000000005,65.43,6685,21.249999999999147,12.500000000024158,21.49999999999892,3.552713678800501e-11,799,809,16.47,9.2,Truck,Truck,,
13,14,55.339999999999975,10.970000000000027,66.31,6686,21.999999999999886,18.750000000018478,21.25000000000057,6.2499999999587885,799,809,16.47,9.2,Truck,Truck,,
14,15,55.349999999999966,11.83000000000004,67.18,6687,21.750000000000117,6.249999999994316,21.50000000000034,6.249999999994316,799,809,16.47,9.2,Truck,Truck,,
15,16,55.38,12.680000000000009,68.06,6688,21.999999999999886,6.249999999994316,21.249999999999147,6.250000000029843,799,809,16.47,9.2,Truck,Truck,,
16,17,55.40999999999997,13.53000000000003,68.94,6689,21.999999999999886,0.0,21.25000000000057,3.552713678800501e-11,799,809,16.47,9.2,Truck,Truck,,
17,18,55.44,14.390000000000043,69.83000000000004,6690,22.25000000000108,6.250000000029843,21.50000000000034,6.249999999994316,799,809,16.47,9.2,Truck,Truck,,
18,19,55.47000000000003,15.240000000000007,70.71000000000004,6691,21.999999999999886,6.250000000029843,21.249999999999147,6.250000000029843,799,809,16.47,9.2,Truck,Truck,,
19,20,55.48000000000002,16.100000000000023,71.58000000000004,6692,21.750000000000117,6.249999999994316,21.50000000000034,6.250000000029843,799,809,16.47,9.2,Truck,Truck,,
20,21,55.5,16.960000000000036,72.46000000000004,6693,21.999999999999886,6.249999999994316,21.50000000000034,0.0,799,809,16.47,9.2,Truck,Truck,,
21,22,55.52000000000004,17.819999999999993,73.34000000000003,6694,21.999999999999886,0.0,21.49999999999892,3.552713678800501e-11,799,809,16.47,9.2,Truck,Truck,,
22,23,55.54000000000002,18.680000000000007,74.22000000000003,6695,21.999999999999886,0.0,21.50000000000034,3.552713678800501e-11,799,809,16.47,9.2,Truck,Truck,,
23,24,55.55000000000001,19.54000000000002,75.09000000000003,6696,21.750000000000117,6.249999999994316,21.50000000000034,0.0,799,809,16.47,9.2,Truck,Truck,,
24,25,55.54000000000002,20.420000000000016,75.96000000000004,6697,21.750000000000117,0.0,21.999999999999886,12.499999999988631,799,809,16.47,9.2,Truck,Truck,,
25,26,55.54000000000002,21.30000000000001,76.84000000000003,6698,21.999999999999886,6.249999999994316,21.999999999999886,0.0,799,809,16.47,9.2,Truck,Truck,,
26,27,55.53000000000003,22.170000000000016,77.70000000000005,6699,21.50000000000034,12.499999999988631,21.750000000000117,6.249999999994316,799,809,16.47,9.2,Truck,Truck,,
27,28,55.52999999999997,23.03000000000003,78.56,6700,21.49999999999892,3.552713678800501e-11,21.50000000000034,6.249999999994316,799,809,16.47,9.2,Truck,Truck,,
28,29,55.53999999999997,23.890000000000043,79.43,6701,21.750000000000117,6.250000000029843,21.50000000000034,0.0,799,809,16.47,9.2,Truck,Truck,,
29,30,55.53999999999997,24.760000000000048,80.30000000000001,6702,21.750000000000117,0.0,21.750000000000117,6.249999999994316,799,809,16.47,9.2,Truck,Truck,,
30,31,55.56,25.610000000000014,81.17000000000002,6703,21.750000000000117,0.0,21.249999999999147,12.500000000024158,799,809,16.47,9.2,Truck,Truck,,
31,32,55.579999999999984,26.480000000000015,82.06,6704,22.24999999999966,12.499999999988631,21.750000000000117,12.500000000024158,799,809,16.47,9.2,Truck,Truck,,
32,33,55.599999999999966,27.340000000000032,82.94,6705,21.999999999999886,6.249999999994316,21.50000000000034,6.249999999994316,799,809,16.47,9.2,Truck,Truck,,
33,34,55.599999999999966,28.200000000000045,83.80000000000001,6706,21.50000000000034,12.499999999988631,21.50000000000034,0.0,799,809,16.47,9.2,Truck,Truck,,
34,35,55.620000000000005,29.05000000000001,84.67000000000002,6707,21.750000000000117,6.249999999994316,21.249999999999147,6.250000000029843,799,809,16.47,9.2,Truck,Truck,,
35,36,55.63999999999999,29.910000000000025,85.55000000000001,6708,21.999999999999886,6.249999999994316,21.50000000000034,6.250000000029843,799,809,16.47,9.2,Truck,Truck,,
36,37,55.63999999999999,30.77000000000004,86.41000000000003,6709,21.50000000000034,12.499999999988631,21.50000000000034,0.0,799,809,16.47,9.2,Truck,Truck,,
37,38,55.660000000000025,31.629999999999995,87.29000000000002,6710,21.999999999999886,12.499999999988631,21.49999999999892,3.552713678800501e-11,799,809,16.47,9.2,Truck,Truck,,
38,39,55.68000000000001,32.49000000000001,88.17000000000002,6711,21.999999999999886,0.0,21.50000000000034,3.552713678800501e-11,799,809,16.47,9.2,Truck,Truck,,
39,40,55.69999999999999,33.35000000000002,89.05000000000001,6712,21.999999999999886,0.0,21.50000000000034,0.0,799,809,16.47,9.2,Truck,Truck,,
40,41,55.71999999999997,34.21000000000004,89.93,6713,21.999999999999886,0.0,21.50000000000034,0.0,799,809,16.47,9.2,Truck,Truck,,
41,42,55.73000000000002,35.06999999999999,90.8,6714,21.750000000000117,6.249999999994316,21.49999999999892,3.552713678800501e-11,799,809,16.47,9.2,Truck,Truck,,
42,43,55.75,35.93000000000001,91.68,6715,21.999999999999886,6.249999999994316,21.50000000000034,3.552713678800501e-11,799,809,16.47,9.2,Truck,Truck,,
43,44,55.75,36.80000000000001,92.55,6716,21.750000000000117,6.249999999994316,21.750000000000117,6.249999999994316,799,809,16.47,9.2,Truck,Truck,,
44,45,55.75999999999999,37.660000000000025,93.42000000000002,6717,21.750000000000117,0.0,21.50000000000034,6.249999999994316,799,809,16.47,9.2,Truck,Truck,,
45,46,55.75,38.54000000000002,94.29000000000002,6718,21.750000000000117,0.0,21.999999999999886,12.499999999988631,799,809,16.47,9.2,Truck,Truck,,
46,47,55.75,39.410000000000025,95.16000000000004,6719,21.750000000000117,0.0,21.750000000000117,6.249999999994316,799,809,16.47,9.2,Truck,Truck,,
47,48,55.75,40.27000000000004,96.02000000000004,6720,21.50000000000034,6.249999999994316,21.50000000000034,6.249999999994316,799,809,16.47,9.2,Truck,Truck,,
48,49,55.73999999999995,41.14000000000004,96.88,6721,21.49999999999892,3.552713678800501e-11,21.750000000000117,6.249999999994316,799,809,16.47,9.2,Truck,Truck,,
49,50,55.72999999999996,42.01000000000005,97.74,6722,21.50000000000034,3.552713678800501e-11,21.750000000000117,0.0,799,809,16.47,9.2,Truck,Truck,,
50,51,55.73000000000002,42.870000000000005,98.60000000000002,6723,21.50000000000034,0.0,21.49999999999892,6.250000000029843,799,809,16.47,9.2,Truck,Truck,,
51,52,55.73000000000002,43.73000000000002,99.46000000000004,6724,21.50000000000034,0.0,21.50000000000034,3.552713678800501e-11,799,809,16.47,9.2,Truck,Truck,,
52,53,55.75,44.58000000000004,100.33000000000004,6725,21.750000000000117,6.249999999994316,21.25000000000057,6.249999999994316,799,809,16.47,9.2,Truck,Truck,,
53,54,55.77000000000004,45.44,101.21000000000004,6726,21.999999999999886,6.249999999994316,21.49999999999892,6.2499999999587885,799,809,16.47,9.2,Truck,Truck,,
54,55,55.80000000000001,46.30000000000001,102.10000000000002,6727,22.24999999999966,6.249999999994316,21.50000000000034,3.552713678800501e-11,799,809,16.47,9.2,Truck,Truck,,
55,56,55.80000000000001,47.170000000000016,102.97000000000004,6728,21.750000000000117,12.499999999988631,21.750000000000117,6.249999999994316,799,809,16.47,9.2,Truck,Truck,,
56,57,55.81999999999999,48.03000000000003,103.85000000000002,6729,21.999999999999886,6.249999999994316,21.50000000000034,6.249999999994316,799,809,16.47,9.2,Truck,Truck,,
57,58,55.81999999999999,48.89000000000004,104.71000000000004,6730,21.50000000000034,12.499999999988631,21.50000000000034,0.0,799,809,16.47,9.2,Truck,Truck,,
58,59,55.809999999999945,49.76000000000005,105.57,6731,21.49999999999892,3.552713678800501e-11,21.750000000000117,6.249999999994316,799,809,16.47,9.2,Truck,Truck,,
59,60,55.80000000000001,50.63,106.43,6732,21.50000000000034,3.552713678800501e-11,21.749999999998693,3.552713678800501e-11,799,809,16.47,9.2,Truck,Truck,,
60,61,55.79000000000002,51.5,107.29000000000002,6733,21.50000000000034,0.0,21.750000000000117,3.552713678800501e-11,799,809,16.47,9.2,Truck,Truck,,
61,62,55.80000000000001,52.370000000000005,108.17000000000002,6734,21.999999999999886,12.499999999988631,21.750000000000117,0.0,799,809,16.47,9.2,Truck,Truck,,
62,63,55.80000000000001,53.24000000000001,109.04000000000002,6735,21.750000000000117,6.249999999994316,21.750000000000117,0.0,799,809,16.47,9.2,Truck,Truck,,
63,64,55.81,54.110000000000014,109.92000000000002,6736,21.999999999999886,6.249999999994316,21.750000000000117,0.0,799,809,16.47,9.2,Truck,Truck,,
64,65,55.81999999999999,54.98000000000002,110.8,6737,21.999999999999886,0.0,21.750000000000117,0.0,799,809,16.47,9.2,Truck,Truck,,
65,66,55.829999999999984,55.84000000000003,111.67000000000002,6738,21.750000000000117,6.249999999994316,21.50000000000034,6.249999999994316,799,809,16.47,9.2,Truck,Truck,,
66,67,55.829999999999984,56.71000000000004,112.54000000000002,6739,21.750000000000117,0.0,21.750000000000117,6.249999999994316,799,809,16.47,9.2,Truck,Truck,,
67,68,55.81,57.59000000000003,113.40000000000003,6740,21.50000000000034,6.249999999994316,21.999999999999886,6.249999999994316,799,809,16.47,9.2,Truck,Truck,,
68,69,55.81,58.450000000000045,114.26000000000003,6741,21.50000000000034,0.0,21.50000000000034,12.499999999988631,799,809,16.47,9.2,Truck,Truck,,
69,70,55.80000000000001,59.31999999999999,115.12,6742,21.49999999999892,3.552713678800501e-11,21.749999999998693,6.2499999999587885,799,809,16.47,9.2,Truck,Truck,,
70,71,55.80000000000001,60.19,115.99,6743,21.750000000000117,6.250000000029843,21.750000000000117,3.552713678800501e-11,799,809,16.47,9.2,Truck,Truck,,
71,72,55.79000000000002,61.06,116.85000000000002,6744,21.50000000000034,6.249999999994316,21.750000000000117,0.0,799,809,16.47,9.2,Truck,Truck,,
72,73,55.78000000000003,61.93000000000001,117.71000000000004,6745,21.50000000000034,0.0,21.750000000000117,0.0,799,809,16.47,9.2,Truck,Truck,,
73,74,55.77000000000004,62.81,118.58000000000004,6746,21.750000000000117,6.249999999994316,21.999999999999886,6.249999999994316,799,809,16.47,9.2,Truck,Truck,,
74,75,55.77000000000004,63.68000000000001,119.45000000000005,6747,21.750000000000117,0.0,21.750000000000117,6.249999999994316,799,809,16.47,9.2,Truck,Truck,,
75,76,55.77999999999997,64.54000000000002,120.32,6748,21.749999999998693,3.552713678800501e-11,21.50000000000034,6.249999999994316,799,809,16.47,9.2,Truck,Truck,,
76,77,55.76999999999998,65.41000000000003,121.18,6749,21.50000000000034,6.2499999999587885,21.750000000000117,6.249999999994316,799,809,16.47,9.2,Truck,Truck,,
77,78,55.76999999999998,66.29000000000002,122.06,6750,21.999999999999886,12.499999999988631,21.999999999999886,6.249999999994316,799,809,16.47,9.2,Truck,Truck,,
78,79,55.75999999999999,67.17000000000002,122.93,6751,21.750000000000117,6.249999999994316,21.999999999999886,0.0,799,809,16.47,9.2,Truck,Truck,,
79,80,55.76999999999998,68.04000000000002,123.81,6752,21.999999999999886,6.249999999994316,21.750000000000117,6.249999999994316,799,809,16.47,9.2,Truck,Truck,,
80,81,55.76999999999998,68.91000000000003,124.68,6753,21.750000000000117,6.249999999994316,21.750000000000117,0.0,799,809,16.47,9.2,Truck,Truck,,
81,82,55.75,69.79000000000002,125.54000000000002,6754,21.50000000000034,6.249999999994316,21.999999999999886,6.249999999994316,799,809,16.47,9.2,Truck,Truck,,
82,83,55.73000000000002,70.66000000000003,126.39000000000004,6755,21.25000000000057,6.249999999994316,21.750000000000117,6.249999999994316,799,809,16.47,9.2,Truck,Truck,,
83,84,55.70999999999998,71.54000000000002,127.25,6756,21.49999999999892,6.2499999999587885,21.999999999999886,6.249999999994316,799,809,16.47,9.2,Truck,Truck,,
84,85,55.69999999999999,72.41000000000003,128.11,6757,21.50000000000034,3.552713678800501e-11,21.750000000000117,6.249999999994316,799,809,16.47,9.2,Truck,Truck,,
85,86,55.670000000000016,73.29000000000002,128.96000000000004,6758,21.25000000000057,6.249999999994316,21.999999999999886,6.249999999994316,799,809,16.47,9.2,Truck,Truck,,
86,87,55.670000000000016,74.16000000000003,129.83000000000004,6759,21.750000000000117,12.499999999988631,21.750000000000117,6.249999999994316,799,809,16.47,9.2,Truck,Truck,,
87,88,55.65999999999997,75.03000000000003,130.69,6760,21.49999999999892,6.250000000029843,21.750000000000117,0.0,799,809,16.47,9.2,Truck,Truck,,
88,89,55.64999999999998,75.90000000000003,131.55,6761,21.50000000000034,3.552713678800501e-11,21.750000000000117,0.0,799,809,16.47,9.2,Truck,Truck,,
89,90,55.63999999999999,76.77000000000004,132.41000000000005,6762,21.50000000000034,0.0,21.750000000000117,0.0,799,809,16.47,9.2,Truck,Truck,,
90,91,55.63,77.64000000000004,133.27000000000004,6763,21.50000000000034,0.0,21.750000000000117,0.0,799,809,16.47,9.2,Truck,Truck,,
91,92,55.63,78.52000000000004,134.15000000000003,6764,21.999999999999886,12.499999999988631,21.999999999999886,6.249999999994316,799,809,16.47,9.2,Truck,Truck,,
92,93,55.610000000000014,79.40000000000003,135.01000000000005,6765,21.50000000000034,12.499999999988631,21.999999999999886,0.0,799,809,16.47,9.2,Truck,Truck,,
93,94,55.589999999999975,80.28000000000003,135.87,6766,21.49999999999892,3.552713678800501e-11,21.999999999999886,0.0,799,809,16.47,9.2,Truck,Truck,,
94,95,55.56999999999999,81.16000000000003,136.73000000000002,6767,21.50000000000034,3.552713678800501e-11,21.999999999999886,0.0,799,809,16.47,9.2,Truck,Truck,,
95,96,55.55000000000001,82.04000000000002,137.59000000000003,6768,21.50000000000034,0.0,21.999999999999886,0.0,799,809,16.47,9.2,Truck,Truck,,
96,97,55.54000000000002,82.92000000000002,138.46000000000004,6769,21.750000000000117,6.249999999994316,21.999999999999886,0.0,799,809,16.47,9.2,Truck,Truck,,
97,98,55.52999999999997,83.79000000000002,139.32,6770,21.49999999999892,6.250000000029843,21.750000000000117,6.249999999994316,799,809,16.47,9.2,Truck,Truck,,
98,99,55.51999999999998,84.65000000000003,140.17000000000002,6771,21.25000000000057,6.2499999999587885,21.50000000000034,6.249999999994316,799,809,16.47,9.2,Truck,Truck,,
99,100,55.50999999999999,85.53000000000003,141.04000000000002,6772,21.750000000000117,12.499999999988631,21.999999999999886,12.499999999988631,799,809,16.47,9.2,Truck,Truck,,
100,101,55.49000000000001,86.41000000000003,141.90000000000003,6773,21.50000000000034,6.249999999994316,21.999999999999886,0.0,799,809,16.47,9.2,Truck,Truck,,
101,102,55.47999999999999,87.28000000000003,142.76000000000002,6774,21.49999999999963,1.7763568394002505e-11,21.750000000000117,6.249999999994316,799,809,16.47,9.2,Truck,Truck,,
102,103,55.47,88.15000000000003,143.62000000000003,6775,21.50000000000034,1.7763568394002505e-11,21.750000000000117,0.0,799,809,16.47,9.2,Truck,Truck,,
103,104,55.45999999999998,89.02000000000004,144.48000000000002,6776,21.49999999999963,1.7763568394002505e-11,21.750000000000117,0.0,799,809,16.47,9.2,Truck,Truck,,
104,105,55.43999999999997,89.89000000000004,145.33,6777,21.249999999999854,6.249999999994316,21.750000000000117,0.0,799,809,16.47,9.2,Truck,Truck,,
105,106,55.41,90.78000000000004,146.19000000000003,6778,21.50000000000034,6.250000000012079,22.24999999999966,12.499999999988631,799,809,16.47,9.2,Truck,Truck,,
106,107,55.38999999999999,91.66000000000004,147.05,6779,21.49999999999963,1.7763568394002505e-11,21.999999999999886,6.249999999994316,799,809,16.47,9.2,Truck,Truck,,
107,108,55.360000000000014,92.54000000000002,147.90000000000003,6780,21.25000000000057,6.249999999976552,21.999999999999886,0.0,799,809,16.47,9.2,Truck,Truck,,
108,109,55.34,93.41000000000004,148.75000000000003,6781,21.249999999999854,1.7763568394002505e-11,21.750000000000117,6.249999999994316,799,809,16.47,9.2,Truck,Truck,,
109,110,55.329999999999984,94.28000000000004,149.61,6782,21.49999999999963,6.249999999994316,21.750000000000117,0.0,799,809,16.47,9.2,Truck,Truck,,
110,111,55.319999999999965,95.14000000000004,150.46,6783,21.249999999999854,6.249999999994316,21.50000000000034,6.249999999994316,799,809,16.47,9.2,Truck,Truck,,
111,112,55.29999999999998,96.01000000000003,151.31000000000003,6784,21.25000000000057,1.7763568394002505e-11,21.750000000000117,6.249999999994316,799,809,16.47,9.2,Truck,Truck,,
112,113,55.28999999999997,96.89000000000004,152.18,6785,21.749999999999403,12.499999999970868,21.999999999999886,6.249999999994316,799,809,16.47,9.2,Truck,Truck,,
113,114,55.27999999999997,97.76000000000003,153.04000000000002,6786,21.50000000000034,6.249999999976552,21.750000000000117,6.249999999994316,799,809,16.47,9.2,Truck,Truck,,
114,115,55.27000000000004,98.63,153.90000000000003,6787,21.50000000000034,0.0,21.749999999998693,3.552713678800501e-11,799,809,16.47,9.2,Truck,Truck,,
115,116,55.25000000000003,99.5,154.75000000000003,6788,21.249999999999854,6.250000000012079,21.750000000000117,3.552713678800501e-11,799,809,16.47,9.2,Truck,Truck,,
116,117,55.22000000000003,100.38,155.60000000000002,6789,21.249999999999854,0.0,21.999999999999886,6.249999999994316,799,809,16.47,9.2,Truck,Truck,,
117,118,55.17999999999998,101.27000000000004,156.45000000000002,6790,21.249999999999854,0.0,22.25000000000108,6.250000000029843,799,809,16.47,9.2,Truck,Truck,,
118,119,55.16,102.15000000000003,157.31000000000003,6791,21.50000000000034,6.250000000012079,21.999999999999886,6.250000000029843,799,809,16.47,9.2,Truck,Truck,,
119,120,55.13,103.03000000000004,158.16000000000005,6792,21.249999999999854,6.250000000012079,21.999999999999886,0.0,799,809,16.47,9.2,Truck,Truck,,
120,121,55.13,103.90000000000003,159.03000000000003,6793,21.750000000000117,12.500000000006397,21.750000000000117,6.249999999994316,799,809,16.47,9.2,Truck,Truck,,
121,122,55.10999999999999,104.77000000000004,159.88000000000002,6794,21.249999999999854,12.500000000006397,21.750000000000117,0.0,799,809,16.47,9.2,Truck,Truck,,
122,123,55.079999999999984,105.64000000000004,160.72000000000003,6795,21.000000000000085,6.249999999994316,21.750000000000117,0.0,799,809,16.47,9.2,Truck,Truck,,
123,124,55.07000000000002,106.5,161.57000000000002,6796,21.249999999999854,6.249999999994316,21.49999999999892,6.250000000029843,799,809,16.47,9.2,Truck,Truck,,
124,125,55.05000000000001,107.38,162.43,6797,21.49999999999963,6.249999999994316,21.999999999999886,12.500000000024158,799,809,16.47,9.2,Truck,Truck,,
125,126,55.01999999999998,108.26000000000003,163.28000000000003,6798,21.25000000000057,6.249999999976552,22.000000000001307,3.552713678800501e-11,799,809,16.47,9.2,Truck,Truck,,
126,127,54.99000000000004,109.13,164.12000000000003,6799,21.000000000000085,6.250000000012079,21.749999999998693,6.25000000006537,799,809,16.47,9.2,Truck,Truck,,
127,128,54.96000000000001,110.0,164.96,6800,20.99999999999937,1.7763568394002505e-11,21.750000000000117,3.552713678800501e-11,799,809,16.47,9.2,Truck,Truck,,
128,129,54.93000000000001,110.87,165.8,6801,21.000000000000085,1.7763568394002505e-11,21.750000000000117,0.0,799,809,16.47,9.2,Truck,Truck,,
129,130,54.890000000000015,111.75,166.64,6802,21.000000000000085,0.0,21.999999999999886,6.249999999994316,799,809,16.47,9.2,Truck,Truck,,
130,131,54.860000000000014,112.62,167.48000000000002,6803,21.000000000000085,0.0,21.750000000000117,6.249999999994316,799,809,16.47,9.2,Truck,Truck,,
131,132,54.84,113.49,168.33,6804,21.249999999999854,6.249999999994316,21.750000000000117,0.0,799,809,16.47,9.2,Truck,Truck,,
132,133,54.81,114.37,169.18,6805,21.249999999999854,0.0,21.999999999999886,6.249999999994316,799,809,16.47,9.2,Truck,Truck,,
133,134,54.80000000000001,115.23000000000002,170.03000000000003,6806,21.25000000000057,1.7763568394002505e-11,21.50000000000034,12.499999999988631,799,809,16.47,9.2,Truck,Truck,,
134,135,54.79999999999998,116.09000000000005,170.89,6807,21.49999999999963,6.249999999976552,21.50000000000034,0.0,799,809,16.47,9.2,Truck,Truck,,
135,136,54.78,116.97000000000004,171.75000000000003,6808,21.50000000000034,1.7763568394002505e-11,21.999999999999886,12.499999999988631,799,809,16.47,9.2,Truck,Truck,,
136,137,54.75999999999999,117.84000000000005,172.60000000000002,6809,21.249999999999854,6.250000000012079,21.750000000000117,6.249999999994316,799,809,16.47,9.2,Truck,Truck,,
137,138,54.72999999999999,118.72000000000004,173.45000000000002,6810,21.249999999999854,0.0,21.999999999999886,6.249999999994316,799,809,16.47,9.2,Truck,Truck,,
138,139,54.69,119.60000000000002,174.29000000000002,6811,21.000000000000085,6.249999999994316,21.999999999999886,0.0,799,809,16.47,9.2,Truck,Truck,,
139,140,54.650000000000006,120.47000000000004,175.12000000000003,6812,20.750000000000316,6.249999999994316,21.750000000000117,6.249999999994316,799,809,16.47,9.2,Truck,Truck,,
140,141,54.60999999999999,121.35000000000002,175.96,6813,20.99999999999937,6.249999999976552,21.999999999999886,6.249999999994316,799,809,16.47,9.2,Truck,Truck,,
141,142,54.59,122.22000000000004,176.81000000000003,6814,21.25000000000057,6.250000000029843,21.750000000000117,6.249999999994316,799,809,16.47,9.2,Truck,Truck,,
142,143,54.55000000000001,123.10000000000002,177.65000000000003,6815,21.000000000000085,6.250000000012079,21.999999999999886,6.249999999994316,799,809,16.47,9.2,Truck,Truck,,
143,144,54.51999999999998,123.97000000000004,178.49,6816,20.99999999999937,1.7763568394002505e-11,21.750000000000117,6.249999999994316,799,809,16.47,9.2,Truck,Truck,,
144,145,54.50999999999999,124.84000000000005,179.35000000000002,6817,21.50000000000034,12.500000000024158,21.750000000000117,0.0,799,809,16.47,9.2,Truck,Truck,,
145,146,54.49999999999997,125.70000000000005,180.2,6818,21.249999999999854,6.250000000012079,21.50000000000034,6.249999999994316,799,809,16.47,9.2,Truck,Truck,,
146,147,54.49000000000001,126.56,181.05,6819,21.249999999999854,0.0,21.49999999999892,3.552713678800501e-11,799,809,16.47,9.2,Truck,Truck,,
147,148,54.48000000000002,127.42000000000002,181.90000000000003,6820,21.25000000000057,1.7763568394002505e-11,21.50000000000034,3.552713678800501e-11,799,809,16.47,9.2,Truck,Truck,,
148,149,54.46000000000001,128.29000000000002,182.75000000000003,6821,21.249999999999854,1.7763568394002505e-11,21.750000000000117,6.249999999994316,799,809,16.47,9.2,Truck,Truck,,
149,150,54.44,129.16000000000005,183.6,6822,21.249999999999854,0.0,21.750000000000117,0.0,799,809,16.47,9.2,Truck,Truck,,
150,151,54.42999999999998,130.03000000000003,184.46,6823,21.49999999999963,6.249999999994316,21.750000000000117,0.0,799,809,16.47,9.2,Truck,Truck,,
151,152,54.41,130.90000000000003,185.31000000000003,6824,21.25000000000057,6.249999999976552,21.750000000000117,0.0,799,809,16.47,9.2,Truck,Truck,,
152,153,54.38,131.78000000000003,186.16000000000005,6825,21.249999999999854,1.7763568394002505e-11,21.999999999999886,6.249999999994316,799,809,16.47,9.2,Truck,Truck,,
153,154,54.35,132.65000000000003,187.00000000000003,6826,21.000000000000085,6.249999999994316,21.750000000000117,6.249999999994316,799,809,16.47,9.2,Truck,Truck,,
154,155,54.329999999999984,133.52000000000004,187.85,6827,21.249999999999854,6.249999999994316,21.750000000000117,0.0,799,809,16.47,9.2,Truck,Truck,,
155,156,54.33000000000001,134.38,188.71,6828,21.49999999999963,6.249999999994316,21.49999999999892,6.250000000029843,799,809,16.47,9.2,Truck,Truck,,
156,157,54.32000000000002,135.25,189.57,6829,21.50000000000034,1.7763568394002505e-11,21.750000000000117,6.250000000029843,799,809,16.47,9.2,Truck,Truck,,
157,158,54.31999999999999,136.11,190.43,6830,21.49999999999963,1.7763568394002505e-11,21.50000000000034,6.249999999994316,799,809,16.47,9.2,Truck,Truck,,
158,159,54.31,136.97000000000003,191.28000000000003,6831,21.25000000000057,6.249999999976552,21.50000000000034,0.0,799,809,16.47,9.2,Truck,Truck,,
159,160,54.30999999999997,137.83000000000004,192.14,6832,21.49999999999963,6.249999999976552,21.50000000000034,0.0,799,809,16.47,9.2,Truck,Truck,,
160,161,54.28999999999997,138.70000000000005,192.99,6833,21.249999999999854,6.249999999994316,21.750000000000117,6.249999999994316,799,809,16.47,9.2,Truck,Truck,,
161,162,54.26000000000002,139.57,193.83,6834,21.000000000000085,6.249999999994316,21.749999999998693,3.552713678800501e-11,799,809,16.47,9.2,Truck,Truck,,
162,163,54.25,140.43,194.68,6835,21.249999999999854,6.249999999994316,21.50000000000034,6.2499999999587885,799,809,16.47,9.2,Truck,Truck,,
163,164,54.22,141.3,195.52,6836,21.000000000000085,6.249999999994316,21.750000000000117,6.249999999994316,799,809,16.47,9.2,Truck,Truck,,
164,165,54.20000000000002,142.17000000000002,196.37000000000003,6837,21.25000000000057,6.250000000012079,21.750000000000117,0.0,799,809,16.47,9.2,Truck,Truck,,
165,166,54.19,143.04000000000002,197.23,6838,21.49999999999963,6.249999999976552,21.750000000000117,0.0,799,809,16.47,9.2,Truck,Truck,,
166,167,54.16999999999999,143.91000000000005,198.08,6839,21.249999999999854,6.249999999994316,21.750000000000117,0.0,799,809,16.47,9.2,Truck,Truck,,
167,168,54.16,144.77,198.93,6840,21.249999999999854,0.0,21.49999999999963,6.250000000012079,799,809,16.47,9.2,Truck,Truck,,
168,169,54.150000000000006,145.63000000000002,199.78000000000003,6841,21.25000000000057,1.7763568394002505e-11,21.50000000000034,1.7763568394002505e-11,799,809,16.47,9.2,Truck,Truck,,
169,170,54.150000000000006,146.48000000000002,200.63,6842,21.249999999999854,1.7763568394002505e-11,21.249999999999854,6.250000000012079,799,809,16.47,9.2,Truck,Truck,,
170,171,54.14999999999998,147.34000000000003,201.49,6843,21.49999999999963,6.249999999994316,21.50000000000034,6.250000000012079,799,809,16.47,9.2,Truck,Truck,,
171,172,54.13000000000002,148.21,202.34000000000003,6844,21.25000000000057,6.249999999976552,21.749999999999403,6.249999999976552,799,809,16.47,9.2,Truck,Truck,,
172,173,54.13,149.07000000000002,203.2,6845,21.49999999999963,6.249999999976552,21.50000000000034,6.249999999976552,799,809,16.47,9.2,Truck,Truck,,
173,174,54.13000000000002,149.93,204.06000000000003,6846,21.50000000000034,1.7763568394002505e-11,21.49999999999963,1.7763568394002505e-11,799,809,16.47,9.2,Truck,Truck,,
174,175,54.110000000000014,150.8,204.91000000000005,6847,21.249999999999854,6.250000000012079,21.750000000000117,6.250000000012079,799,809,16.47,9.2,Truck,Truck,,
175,176,54.09,151.67000000000002,205.76,6848,21.249999999999854,0.0,21.750000000000117,0.0,799,809,16.47,9.2,Truck,Truck,,
176,177,54.079999999999984,152.53000000000003,206.61,6849,21.249999999999854,0.0,21.50000000000034,6.249999999994316,799,809,16.47,9.2,Truck,Truck,,
177,178,54.06999999999999,153.39,207.46,6850,21.249999999999854,0.0,21.49999999999963,1.7763568394002505e-11,799,809,16.47,9.2,Truck,Truck,,
178,179,54.06,154.25000000000003,208.31000000000003,6851,21.25000000000057,1.7763568394002505e-11,21.50000000000034,1.7763568394002505e-11,799,809,16.47,9.2,Truck,Truck,,
179,180,54.04000000000002,155.11,209.15000000000003,6852,21.000000000000085,6.250000000012079,21.49999999999963,1.7763568394002505e-11,799,809,16.47,9.2,Truck,Truck,,
180,181,54.04000000000002,155.96,210.00000000000003,6853,21.249999999999854,6.249999999994316,21.249999999999854,6.249999999994316,799,809,16.47,9.2,Truck,Truck,,
181,182,54.03999999999999,156.81000000000003,210.85,6854,21.249999999999854,0.0,21.25000000000057,1.7763568394002505e-11,799,809,16.47,9.2,Truck,Truck,,
182,183,54.03,157.67000000000002,211.7,6855,21.249999999999854,0.0,21.49999999999963,6.249999999976552,799,809,16.47,9.2,Truck,Truck,,
183,184,54.01999999999998,158.53000000000003,212.55,6856,21.249999999999854,0.0,21.50000000000034,1.7763568394002505e-11,799,809,16.47,9.2,Truck,Truck,,
184,185,53.99000000000001,159.39,213.38,6857,20.750000000000316,12.499999999988631,21.49999999999963,1.7763568394002505e-11,799,809,16.47,9.2,Truck,Truck,,
185,186,53.98000000000002,160.24,214.22000000000003,6858,21.000000000000085,6.249999999994316,21.249999999999854,6.249999999994316,799,809,16.47,9.2,Truck,Truck,,
186,187,53.95000000000002,161.11,215.06000000000003,6859,21.000000000000085,0.0,21.750000000000117,12.500000000006397,799,809,16.47,9.2,Truck,Truck,,
187,188,53.94,161.97000000000003,215.91000000000005,6860,21.249999999999854,6.249999999994316,21.50000000000034,6.249999999994316,799,809,16.47,9.2,Truck,Truck,,
188,189,53.93000000000001,162.83,216.76,6861,21.249999999999854,0.0,21.49999999999963,1.7763568394002505e-11,799,809,16.47,9.2,Truck,Truck,,
189,190,53.93000000000001,163.68,217.61,6862,21.249999999999854,0.0,21.249999999999854,6.249999999994316,799,809,16.47,9.2,Truck,Truck,,
190,191,53.91999999999999,164.54000000000002,218.46,6863,21.249999999999854,0.0,21.50000000000034,6.250000000012079,799,809,16.47,9.2,Truck,Truck,,
191,192,53.900000000000006,165.41000000000005,219.31000000000003,6864,21.25000000000057,1.7763568394002505e-11,21.750000000000117,6.249999999994316,799,809,16.47,9.2,Truck,Truck,,
192,193,53.900000000000006,166.26000000000002,220.16000000000005,6865,21.249999999999854,1.7763568394002505e-11,21.249999999999854,12.500000000006397,799,809,16.47,9.2,Truck,Truck,,
193,194,53.88999999999999,167.12000000000003,221.01,6866,21.249999999999854,0.0,21.50000000000034,6.250000000012079,799,809,16.47,9.2,Truck,Truck,,
194,195,53.88999999999999,167.97000000000003,221.86,6867,21.249999999999854,0.0,21.249999999999854,6.250000000012079,799,809,16.47,9.2,Truck,Truck,,
195,196,53.88,168.82000000000002,222.7,6868,21.000000000000085,6.249999999994316,21.249999999999854,0.0,799,809,16.47,9.2,Truck,Truck,,
196,197,53.870000000000005,169.67000000000002,223.54,6869,21.000000000000085,0.0,21.249999999999854,0.0,799,809,16.47,9.2,Truck,Truck,,
197,198,53.860000000000014,170.52,224.38,6870,21.000000000000085,0.0,21.249999999999854,0.0,799,809,16.47,9.2,Truck,Truck,,
198,199,53.85,171.38000000000002,225.23,6871,21.249999999999854,6.249999999994316,21.50000000000034,6.250000000012079,799,809,16.47,9.2,Truck,Truck,,
199,200,53.84,172.23000000000002,226.07,6872,21.000000000000085,6.249999999994316,21.249999999999854,6.250000000012079,799,809,16.47,9.2,Truck,Truck,,
200,201,53.83000000000001,173.08,226.91000000000005,6873,21.000000000000085,0.0,21.249999999999854,0.0,799,809,16.47,9.2,Truck,Truck,,
201,202,53.82000000000002,173.93,227.75000000000003,6874,21.000000000000085,0.0,21.249999999999854,0.0,799,809,16.47,9.2,Truck,Truck,,
202,203,53.81,174.78000000000003,228.59000000000003,6875,21.000000000000085,0.0,21.25000000000057,1.7763568394002505e-11,799,809,16.47,9.2,Truck,Truck,,
203,204,53.81999999999999,175.62000000000003,229.44000000000003,6876,21.249999999999854,6.249999999994316,21.000000000000085,6.250000000012079,799,809,16.47,9.2,Truck,Truck,,
204,205,53.82000000000002,176.46,230.28000000000003,6877,21.000000000000085,6.249999999994316,20.99999999999937,1.7763568394002505e-11,799,809,16.47,9.2,Truck,Truck,,
205,206,53.81,177.31000000000003,231.12000000000003,6878,21.000000000000085,0.0,21.25000000000057,6.250000000029843,799,809,16.47,9.2,Truck,Truck,,
206,207,53.81,178.16000000000005,231.97000000000003,6879,21.249999999999854,6.249999999994316,21.249999999999854,1.7763568394002505e-11,799,809,16.47,9.2,Truck,Truck,,
207,208,53.80000000000001,179.01000000000002,232.81000000000003,6880,21.000000000000085,6.249999999994316,21.249999999999854,0.0,799,809,16.47,9.2,Truck,Truck,,
208,209,53.78,179.87000000000003,233.65000000000003,6881,21.000000000000085,0.0,21.50000000000034,6.250000000012079,799,809,16.47,9.2,Truck,Truck,,
209,210,53.76999999999998,180.72000000000003,234.49,6882,20.99999999999937,1.7763568394002505e-11,21.249999999999854,6.250000000012079,799,809,16.47,9.2,Truck,Truck,,
210,211,53.75999999999999,181.57,235.33,6883,21.000000000000085,1.7763568394002505e-11,21.249999999999854,0.0,799,809,16.47,9.2,Truck,Truck,,
211,212,53.75,182.43,236.18,6884,21.249999999999854,6.249999999994316,21.49999999999963,6.249999999994316,799,809,16.47,9.2,Truck,Truck,,
212,213,53.73999999999998,183.28000000000003,237.02,6885,21.000000000000085,6.249999999994316,21.25000000000057,6.249999999976552,799,809,16.47,9.2,Truck,Truck,,
213,214,53.72999999999999,184.13,237.86,6886,21.000000000000085,0.0,21.249999999999854,1.7763568394002505e-11,799,809,16.47,9.2,Truck,Truck,,
214,215,53.72,184.98,238.7,6887,21.000000000000085,0.0,21.249999999999854,0.0,799,809,16.47,9.2,Truck,Truck,,
215,216,53.71000000000001,185.83,239.54,6888,21.000000000000085,0.0,21.249999999999854,0.0,799,809,16.47,9.2,Truck,Truck,,
216,217,53.71000000000001,186.68,240.39,6889,21.249999999999854,6.249999999994316,21.249999999999854,0.0,799,809,16.47,9.2,Truck,Truck,,
217,218,53.70999999999998,187.53000000000003,241.24,6890,21.249999999999854,0.0,21.25000000000057,1.7763568394002505e-11,799,809,16.47,9.2,Truck,Truck,,
218,219,53.69,188.39,242.08,6891,21.000000000000085,6.249999999994316,21.49999999999963,6.249999999976552,799,809,16.47,9.2,Truck,Truck,,
219,220,53.66,189.25000000000003,242.91000000000005,6892,20.750000000000316,6.249999999994316,21.50000000000034,1.7763568394002505e-11,799,809,16.47,9.2,Truck,Truck,,
220,221,53.63999999999999,190.1,243.74,6893,20.7499999999996,1.7763568394002505e-11,21.249999999999854,6.250000000012079,799,809,16.47,9.2,Truck,Truck,,
221,222,53.610000000000014,190.96,244.57,6894,20.750000000000316,1.7763568394002505e-11,21.49999999999963,6.249999999994316,799,809,16.47,9.2,Truck,Truck,,
222,223,53.6,191.81000000000003,245.41000000000005,6895,21.000000000000085,6.249999999994316,21.25000000000057,6.249999999976552,799,809,16.47,9.2,Truck,Truck,,
223,224,53.58000000000001,192.67,246.25000000000003,6896,21.000000000000085,0.0,21.49999999999963,6.249999999976552,799,809,16.47,9.2,Truck,Truck,,
224,225,53.57000000000002,193.52,247.09000000000003,6897,21.000000000000085,0.0,21.249999999999854,6.249999999994316,799,809,16.47,9.2,Truck,Truck,,
225,226,53.55999999999997,194.37000000000003,247.93,6898,20.99999999999937,1.7763568394002505e-11,21.25000000000057,1.7763568394002505e-11,799,809,16.47,9.2,Truck,Truck,,
226,227,53.56,195.22000000000003,248.78000000000003,6899,21.25000000000057,6.250000000029843,21.249999999999854,1.7763568394002505e-11,799,809,16.47,9.2,Truck,Truck,,
227,228,53.55000000000001,196.07,249.62000000000003,6900,21.000000000000085,6.250000000012079,21.249999999999854,0.0,799,809,16.47,9.2,Truck,Truck,,
228,229,53.53999999999999,196.92,250.46,6901,20.99999999999937,1.7763568394002505e-11,21.249999999999854,0.0,799,809,16.47,9.2,Truck,Truck,,
229,230,53.53,197.76,251.29,6902,20.750000000000316,6.249999999976552,21.000000000000085,6.249999999994316,799,809,16.47,9.2,Truck,Truck,,
230,231,53.52000000000001,198.61,252.13,6903,21.000000000000085,6.249999999994316,21.249999999999854,6.249999999994316,799,809,16.47,9.2,Truck,Truck,,
231,232,53.52000000000001,199.46,252.98,6904,21.249999999999854,6.249999999994316,21.249999999999854,0.0,799,809,16.47,9.2,Truck,Truck,,
232,233,53.49000000000001,200.32,253.81000000000003,6905,20.750000000000316,12.499999999988631,21.50000000000034,6.250000000012079,799,809,16.47,9.2,Truck,Truck,,
233,234,53.48000000000002,201.17,254.65000000000003,6906,21.000000000000085,6.249999999994316,21.249999999999854,6.250000000012079,799,809,16.47,9.2,Truck,Truck,,
234,235,53.47,202.02,255.49,6907,20.99999999999937,1.7763568394002505e-11,21.249999999999854,0.0,799,809,16.47,9.2,Truck,Truck,,
235,236,53.45999999999998,202.87000000000003,256.33000000000004,6908,21.000000000000085,1.7763568394002505e-11,21.25000000000057,1.7763568394002505e-11,799,809,16.47,9.2,Truck,Truck,,
236,237,53.44,203.72000000000003,257.16,6909,20.750000000000316,6.249999999994316,21.249999999999854,1.7763568394002505e-11,799,809,16.47,9.2,Truck,Truck,,
237,238,53.43000000000001,204.57,258.0,6910,21.000000000000085,6.249999999994316,21.249999999999854,0.0,799,809,16.47,9.2,Truck,Truck,,
238,239,53.41999999999999,205.41000000000005,258.83000000000004,6911,20.7499999999996,6.250000000012079,21.000000000000085,6.249999999994316,799,809,16.47,9.2,Truck,Truck,,
239,240,53.400000000000006,206.27,259.67,6912,21.000000000000085,6.250000000012079,21.49999999999963,12.499999999988631,799,809,16.47,9.2,Truck,Truck,,
240,241,53.38,207.12000000000003,260.5,6913,20.750000000000316,6.249999999994316,21.25000000000057,6.249999999976552,799,809,16.47,9.2,Truck,Truck,,
241,242,53.370000000000005,207.96,261.33000000000004,6914,20.7499999999996,1.7763568394002505e-11,20.99999999999937,6.250000000029843,799,809,16.47,9.2,Truck,Truck,,
242,243,53.35999999999999,208.81000000000003,262.17,6915,21.000000000000085,6.250000000012079,21.25000000000057,6.250000000029843,799,809,16.47,9.2,Truck,Truck,,
243,244,53.35,209.65000000000003,263.0,6916,20.750000000000316,6.249999999994316,21.000000000000085,6.250000000012079,799,809,16.47,9.2,Truck,Truck,,
244,245,53.34,210.49,263.83000000000004,6917,20.7499999999996,1.7763568394002505e-11,20.99999999999937,1.7763568394002505e-11,799,809,16.47,9.2,Truck,Truck,,
245,246,53.34,211.33,264.67,6918,21.000000000000085,6.250000000012079,21.000000000000085,1.7763568394002505e-11,799,809,16.47,9.2,Truck,Truck,,
246,247,53.33000000000001,212.18,265.51,6919,21.000000000000085,0.0,21.249999999999854,6.249999999994316,799,809,16.47,9.2,Truck,Truck,,
247,248,53.33000000000001,213.02,266.35,6920,21.000000000000085,0.0,21.000000000000085,6.249999999994316,799,809,16.47,9.2,Truck,Truck,,
248,249,53.33000000000001,213.86,267.19000000000005,6921,21.000000000000085,0.0,21.000000000000085,0.0,799,809,16.47,9.2,Truck,Truck,,
249,250,53.31999999999999,214.7,268.02,6922,20.7499999999996,6.250000000012079,21.000000000000085,0.0,799,809,16.47,9.2,Truck,Truck,,
250,251,53.31999999999999,215.53000000000003,268.85,6923,20.750000000000316,1.7763568394002505e-11,20.750000000000316,6.249999999994316,799,809,16.47,9.2,Truck,Truck,,
251,252,53.31999999999999,216.38,269.70000000000005,6924,21.249999999999854,12.499999999988631,21.249999999999854,12.499999999988631,799,809,16.47,9.2,Truck,Truck,,
252,253,53.30999999999999,217.22000000000003,270.53000000000003,6925,20.74999999999996,12.499999999997511,21.000000000000085,6.249999999994316,799,809,16.47,9.2,Truck,Truck,,
253,254,53.31,218.07,271.38,6926,21.250000000000213,12.500000000006397,21.249999999999854,6.249999999994316,799,809,16.47,9.2,Truck,Truck,,
254,255,53.290000000000006,218.92,272.21000000000004,6927,20.74999999999996,12.500000000006397,21.249999999999854,0.0,799,809,16.47,9.2,Truck,Truck,,
255,256,53.28,219.76,273.04,6928,20.74999999999996,0.0,21.000000000000085,6.249999999994316,799,809,16.47,9.2,Truck,Truck,,
256,257,53.25999999999999,220.59000000000003,273.85,6929,20.250000000000057,12.499999999997511,20.750000000000316,6.249999999994316,799,809,16.47,9.2,Truck,Truck,,
257,258,53.250000000000014,221.43,274.68,6930,20.74999999999996,12.499999999997511,20.99999999999937,6.249999999976552,799,809,16.47,9.2,Truck,Truck,,
258,259,53.22999999999999,222.28000000000003,275.51,6931,20.74999999999996,0.0,21.25000000000057,6.250000000029843,799,809,16.47,9.2,Truck,Truck,,
259,260,53.22,223.13,276.35,6932,21.000000000000085,6.250000000003197,21.249999999999854,1.7763568394002505e-11,799,809,16.47,9.2,Truck,Truck,,
260,261,53.2,223.98,277.18,6933,20.74999999999996,6.250000000003197,21.249999999999854,0.0,799,809,16.47,9.2,Truck,Truck,,
261,262,53.19,224.82,278.01,6934,20.74999999999996,0.0,21.000000000000085,6.249999999994316,799,809,16.47,9.2,Truck,Truck,,
262,263,53.19,225.66000000000005,278.85,6935,21.000000000000085,6.250000000003197,21.000000000000085,0.0,799,809,16.47,9.2,Truck,Truck,,
263,264,53.19,226.50000000000003,279.69000000000005,6936,21.000000000000085,0.0,21.000000000000085,0.0,799,809,16.47,9.2,Truck,Truck,,
264,265,53.18999999999998,227.34000000000003,280.53000000000003,6937,20.99999999999973,8.881784197001252e-12,21.000000000000085,0.0,799,809,16.47,9.2,Truck,Truck,,
265,266,53.18000000000001,228.18,281.36,6938,20.74999999999996,6.249999999994316,20.99999999999937,1.7763568394002505e-11,799,809,16.47,9.2,Truck,Truck,,
266,267,53.18000000000001,229.01,282.19000000000005,6939,20.750000000000316,8.881784197001252e-12,20.750000000000316,6.249999999976552,799,809,16.47,9.2,Truck,Truck,,
267,268,53.17,229.85,283.02000000000004,6940,20.74999999999996,8.881784197001252e-12,21.000000000000085,6.249999999994316,799,809,16.47,9.2,Truck,Truck,,
268,269,53.14999999999999,230.69000000000003,283.84000000000003,6941,20.49999999999983,6.250000000003197,21.000000000000085,0.0,799,809,16.47,9.2,Truck,Truck,,
269,270,53.13,231.53000000000003,284.66,6942,20.500000000000185,8.881784197001252e-12,21.000000000000085,0.0,799,809,16.47,9.2,Truck,Truck,,
270,271,53.11999999999999,232.37000000000003,285.49,6943,20.74999999999996,6.249999999994316,21.000000000000085,0.0,799,809,16.47,9.2,Truck,Truck,,
271,272,53.1,233.22000000000003,286.32000000000005,6944,20.74999999999996,0.0,21.249999999999854,6.249999999994316,799,809,16.47,9.2,Truck,Truck,,
272,273,53.08999999999999,234.06000000000003,287.15000000000003,6945,20.74999999999996,0.0,21.000000000000085,6.249999999994316,799,809,16.47,9.2,Truck,Truck,,
273,274,53.09,234.89,287.98,6946,20.74999999999996,0.0,20.7499999999996,6.250000000012079,799,809,16.47,9.2,Truck,Truck,,
274,275,53.08999999999999,235.72000000000003,288.81,6947,20.74999999999996,0.0,20.750000000000316,1.7763568394002505e-11,799,809,16.47,9.2,Truck,Truck,,
275,276,53.079999999999984,236.56000000000003,289.64,6948,20.74999999999996,0.0,21.000000000000085,6.249999999994316,799,809,16.47,9.2,Truck,Truck,,
276,277,53.06999999999999,237.40000000000003,290.47,6949,20.750000000000316,8.881784197001252e-12,21.000000000000085,0.0,799,809,16.47,9.2,Truck,Truck,,
277,278,53.07000000000001,238.24,291.31,6950,20.99999999999973,6.249999999985434,20.99999999999937,1.7763568394002505e-11,799,809,16.47,9.2,Truck,Truck,,
278,279,53.04999999999998,239.09000000000003,292.14,6951,20.74999999999996,6.249999999994316,21.25000000000057,6.250000000029843,799,809,16.47,9.2,Truck,Truck,,
279,280,53.03,239.94000000000003,292.97,6952,20.750000000000316,8.881784197001252e-12,21.249999999999854,1.7763568394002505e-11,799,809,16.47,9.2,Truck,Truck,,
280,281,53.02,240.78000000000003,293.8,6953,20.74999999999996,8.881784197001252e-12,21.000000000000085,6.249999999994316,799,809,16.47,9.2,Truck,Truck,,
281,282,53.0,241.63,294.63,6954,20.74999999999996,0.0,21.249999999999854,6.249999999994316,799,809,16.47,9.2,Truck,Truck,,
282,283,53.000000000000014,242.46,295.46000000000004,6955,20.74999999999996,0.0,20.7499999999996,12.500000000006397,799,809,16.47,9.2,Truck,Truck,,
283,284,53.000000000000014,243.3,296.3,6956,21.000000000000085,6.250000000003197,21.000000000000085,6.250000000012079,799,809,16.47,9.2,Truck,Truck,,
284,285,53.0,244.14,297.14,6957,20.99999999999973,8.881784197001252e-12,21.000000000000085,0.0,799,809,16.47,9.2,Truck,Truck,,
285,286,53.0,244.98,297.98,6958,21.000000000000085,8.881784197001252e-12,21.000000000000085,0.0,799,809,16.47,9.2,Truck,Truck,,
286,287,52.99,245.81000000000003,298.8,6959,20.500000000000185,12.499999999997511,20.750000000000316,6.249999999994316,799,809,16.47,9.2,Truck,Truck,,
287,288,52.98,246.64,299.62,6960,20.49999999999983,8.881784197001252e-12,20.7499999999996,1.7763568394002505e-11,799,809,16.47,9.2,Truck,Truck,,
288,289,52.97,247.48,300.45000000000005,6961,20.74999999999996,6.250000000003197,21.000000000000085,6.250000000012079,799,809,16.47,9.2,Truck,Truck,,
289,290,52.95,248.32,301.27000000000004,6962,20.500000000000185,6.249999999994316,21.000000000000085,0.0,799,809,16.47,9.2,Truck,Truck,,
290,291,52.92999999999999,249.16000000000005,302.09000000000003,6963,20.49999999999983,8.881784197001252e-12,21.000000000000085,0.0,799,809,16.47,9.2,Truck,Truck,,
291,292,52.91000000000001,249.99,302.90000000000003,6964,20.250000000000057,6.249999999994316,20.7499999999996,6.250000000012079,799,809,16.47,9.2,Truck,Truck,,
292,293,52.89,250.82,303.71000000000004,6965,20.250000000000057,0.0,20.750000000000316,1.7763568394002505e-11,799,809,16.47,9.2,Truck,Truck,,
293,294,52.86999999999999,251.66000000000005,304.53000000000003,6966,20.49999999999983,6.249999999994316,21.000000000000085,6.249999999994316,799,809,16.47,9.2,Truck,Truck,,
294,295,52.860000000000014,252.49,305.35,6967,20.500000000000185,8.881784197001252e-12,20.7499999999996,6.250000000012079,799,809,16.47,9.2,Truck,Truck,,
295,296,52.86,253.32,306.18,6968,20.74999999999996,6.249999999994316,20.750000000000316,1.7763568394002505e-11,799,809,16.47,9.2,Truck,Truck,,
296,297,52.88000000000001,254.14,307.02000000000004,6969,21.000000000000085,6.250000000003197,20.49999999999983,6.250000000012079,799,809,16.47,9.2,Truck,Truck,,
297,298,52.88999999999999,254.97000000000003,307.86,6970,20.99999999999973,8.881784197001252e-12,20.750000000000316,6.250000000012079,799,809,16.47,9.2,Truck,Truck,,
298,299,52.88,255.81000000000003,308.69000000000005,6971,20.750000000000316,6.249999999985434,21.000000000000085,6.249999999994316,799,809,16.47,9.2,Truck,Truck,,
299,300,52.88000000000001,256.64,309.52,6972,20.74999999999996,8.881784197001252e-12,20.7499999999996,6.250000000012079,799,809,16.47,9.2,Truck,Truck,,
300,301,52.89,257.48,310.37,6973,21.249999999999854,12.499999999997511,21.000000000000085,6.250000000012079,799,809,16.47,9.2,Truck,Truck,,
301,302,52.89999999999999,258.31000000000006,311.21000000000004,6974,21.000000000000085,6.249999999994316,20.750000000000316,6.249999999994316,799,809,16.47,9.2,Truck,Truck,,
302,303,52.88999999999999,259.15000000000003,312.04,6975,20.74999999999996,6.250000000003197,21.000000000000085,6.249999999994316,799,809,16.47,9.2,Truck,Truck,,
303,304,52.890000000000015,259.99,312.88,6976,21.000000000000085,6.250000000003197,20.99999999999937,1.7763568394002505e-11,799,809,16.47,9.2,Truck,Truck,,
304,305,52.88000000000001,260.83000000000004,313.71000000000004,6977,20.74999999999996,6.250000000003197,21.000000000000085,1.7763568394002505e-11,799,809,16.47,9.2,Truck,Truck,,
305,306,52.870000000000005,261.67,314.54,6978,20.74999999999996,0.0,21.000000000000085,0.0,799,809,16.47,9.2,Truck,Truck,,
306,307,52.86999999999999,262.5,315.37,6979,20.74999999999996,0.0,20.750000000000316,6.249999999994316,799,809,16.47,9.2,Truck,Truck,,
307,308,52.85999999999999,263.34000000000003,316.20000000000005,6980,20.74999999999996,0.0,21.000000000000085,6.249999999994316,799,809,16.47,9.2,Truck,Truck,,
308,309,52.86,264.17,317.03000000000003,6981,20.74999999999996,0.0,20.7499999999996,6.250000000012079,799,809,16.47,9.2,Truck,Truck,,
309,310,52.85999999999999,265.0,317.86,6982,20.74999999999996,0.0,20.750000000000316,1.7763568394002505e-11,799,809,16.47,9.2,Truck,Truck,,
310,311,52.88,265.81000000000006,318.69000000000005,6983,20.750000000000316,8.881784197001252e-12,20.250000000000057,12.500000000006397,799,809,16.47,9.2,Truck,Truck,,
311,312,52.88000000000001,266.64,319.52,6984,20.74999999999996,8.881784197001252e-12,20.7499999999996,12.499999999988631,799,809,16.47,9.2,Truck,Truck,,
312,313,52.86999999999999,267.47,320.34000000000003,6985,20.49999999999983,6.250000000003197,20.750000000000316,1.7763568394002505e-11,799,809,16.47,9.2,Truck,Truck,,
313,314,52.85999999999999,268.31000000000006,321.1700000000001,6986,20.74999999999996,6.250000000003197,21.000000000000085,6.249999999994316,799,809,16.47,9.2,Truck,Truck,,
314,315,52.83999999999999,269.15000000000003,321.99,6987,20.500000000000185,6.249999999994316,21.000000000000085,0.0,799,809,16.47,9.2,Truck,Truck,,
315,316,52.83,269.98,322.81,6988,20.49999999999983,8.881784197001252e-12,20.7499999999996,6.250000000012079,799,809,16.47,9.2,Truck,Truck,,
316,317,52.81999999999999,270.82000000000005,323.64000000000004,6989,20.74999999999996,6.250000000003197,21.000000000000085,6.250000000012079,799,809,16.47,9.2,Truck,Truck,,
317,318,52.8,271.66,324.46000000000004,6990,20.500000000000185,6.249999999994316,21.000000000000085,0.0,799,809,16.47,9.2,Truck,Truck,,
318,319,52.8,272.49,325.29,6991,20.74999999999996,6.249999999994316,20.74999999999996,6.250000000003197,799,809,16.47,9.2,Truck,Truck,,
319,320,52.80999999999999,273.33000000000004,326.14000000000004,6992,21.249999999999854,12.499999999997511,21.000000000000085,6.250000000003197,799,809,16.47,9.2,Truck,Truck,,
320,321,52.82000000000001,274.17,326.99,6993,21.250000000000213,8.881784197001252e-12,20.99999999999973,8.881784197001252e-12,799,809,16.47,9.2,Truck,Truck,,
321,322,52.84,275.0,327.84000000000003,6994,21.249999999999854,8.881784197001252e-12,20.74999999999996,6.249999999994316,799,809,16.47,9.2,Truck,Truck,,
322,323,52.85,275.83000000000004,328.68000000000006,6995,21.000000000000085,6.249999999994316,20.750000000000316,8.881784197001252e-12,799,809,16.47,9.2,Truck,Truck,,
323,324,52.85,276.66,329.51,6996,20.74999999999996,6.250000000003197,20.74999999999996,8.881784197001252e-12,799,809,16.47,9.2,Truck,Truck,,
324,325,52.84,277.49,330.33000000000004,6997,20.500000000000185,6.249999999994316,20.74999999999996,0.0,799,809,16.47,9.2,Truck,Truck,,
325,326,52.83,278.33000000000004,331.16,6998,20.74999999999996,6.249999999994316,21.000000000000085,6.250000000003197,799,809,16.47,9.2,Truck,Truck,,
326,327,52.82000000000001,279.17,331.99,6999,20.74999999999996,0.0,20.99999999999973,8.881784197001252e-12,799,809,16.47,9.2,Truck,Truck,,
327,328,52.81,280.01,332.82,7000,20.74999999999996,0.0,21.000000000000085,8.881784197001252e-12,799,809,16.47,9.2,Truck,Truck,,
328,329,52.8,280.85,333.65000000000003,7001,20.74999999999996,0.0,21.000000000000085,0.0,799,809,16.47,9.2,Truck,Truck,,
329,330,52.77,281.69000000000005,334.46000000000004,7002,20.250000000000057,12.499999999997511,21.000000000000085,0.0,799,809,16.47,9.2,Truck,Truck,,
330,331,52.76,282.52000000000004,335.28000000000003,7003,20.500000000000007,6.2499999999987566,20.74999999999996,6.250000000003197,799,809,16.47,9.2,Truck,Truck,,
331,332,52.75,283.35,336.1,7004,20.500000000000007,0.0,20.74999999999996,0.0,799,809,16.47,9.2,Truck,Truck,,
332,333,52.75,284.18,336.93,7005,20.74999999999996,6.2499999999987566,20.74999999999996,0.0,799,809,16.47,9.2,Truck,Truck,,
333,334,52.75000000000001,285.0,337.75,7006,20.500000000000007,6.2499999999987566,20.49999999999983,6.250000000003197,799,809,16.47,9.2,Truck,Truck,,
334,335,52.74999999999999,285.83000000000004,338.58000000000004,7007,20.74999999999996,6.2499999999987566,20.750000000000316,6.250000000012079,799,809,16.47,9.2,Truck,Truck,,
335,336,52.76,286.65000000000003,339.41,7008,20.74999999999996,0.0,20.49999999999983,6.250000000012079,799,809,16.47,9.2,Truck,Truck,,
336,337,52.77,287.47,340.24,7009,20.75000000000013,4.440892098500626e-12,20.500000000000185,8.881784197001252e-12,799,809,16.47,9.2,Truck,Truck,,
337,338,52.77,288.3,341.07,7010,20.74999999999996,4.440892098500626e-12,20.74999999999996,6.249999999994316,799,809,16.47,9.2,Truck,Truck,,
338,339,52.77,289.14,341.91,7011,20.999999999999908,6.2499999999987566,20.99999999999973,6.249999999994316,799,809,16.47,9.2,Truck,Truck,,
339,340,52.79,289.96000000000004,342.75000000000006,7012,21.000000000000085,4.440892098500626e-12,20.500000000000185,12.499999999988631,799,809,16.47,9.2,Truck,Truck,,
340,341,52.8,290.79,343.59000000000003,7013,20.999999999999908,4.440892098500626e-12,20.74999999999996,6.249999999994316,799,809,16.47,9.2,Truck,Truck,,
341,342,52.79,291.63,344.42,7014,20.75000000000013,6.249999999994316,21.000000000000085,6.250000000003197,799,809,16.47,9.2,Truck,Truck,,
342,343,52.79,292.46000000000004,345.25000000000006,7015,20.74999999999996,4.440892098500626e-12,20.74999999999996,6.250000000003197,799,809,16.47,9.2,Truck,Truck,,
343,344,52.8,293.28000000000003,346.08000000000004,7016,20.74999999999996,0.0,20.49999999999983,6.250000000003197,799,809,16.47,9.2,Truck,Truck,,
344,345,52.79,294.12,346.91,7017,20.74999999999996,0.0,21.000000000000085,12.500000000006397,799,809,16.47,9.2,Truck,Truck,,
345,346,52.8,294.94000000000005,347.74000000000007,7018,20.75000000000013,4.440892098500626e-12,20.500000000000185,12.499999999997511,799,809,16.47,9.2,Truck,Truck,,
346,347,52.82,295.76,348.58,7019,20.999999999999908,6.249999999994316,20.49999999999983,8.881784197001252e-12,799,809,16.47,9.2,Truck,Truck,,
347,348,52.82999999999999,296.58000000000004,349.41,7020,20.74999999999996,6.2499999999987566,20.500000000000185,8.881784197001252e-12,799,809,16.47,9.2,Truck,Truck,,
348,349,52.81999999999999,297.41,350.23,7021,20.500000000000007,6.2499999999987566,20.74999999999996,6.249999999994316,799,809,16.47,9.2,Truck,Truck,,
349,350,52.82,298.24,351.06,7022,20.75000000000013,6.250000000003197,20.74999999999996,0.0,799,809,16.47,9.2,Truck,Truck,,
350,351,52.82000000000001,299.06,351.88,7023,20.500000000000007,6.250000000003197,20.49999999999983,6.250000000003197,799,809,16.47,9.2,Truck,Truck,,
351,352,52.81,299.89,352.7,7024,20.49999999999983,4.440892098500626e-12,20.74999999999996,6.250000000003197,799,809,16.47,9.2,Truck,Truck,,
352,353,52.78999999999999,300.72,353.51,7025,20.250000000000057,6.249999999994316,20.750000000000316,8.881784197001252e-12,799,809,16.47,9.2,Truck,Truck,,
353,354,52.79,301.54,354.33000000000004,7026,20.500000000000007,6.2499999999987566,20.49999999999983,6.250000000012079,799,809,16.47,9.2,Truck,Truck,,
354,355,52.78,302.37,355.15,7027,20.500000000000007,0.0,20.74999999999996,6.250000000003197,799,809,16.47,9.2,Truck,Truck,,
355,356,52.77,303.20000000000005,355.97,7028,20.500000000000007,0.0,20.74999999999996,0.0,799,809,16.47,9.2,Truck,Truck,,
356,357,52.8,304.02000000000004,356.82000000000005,7029,21.25000000000004,18.75000000000071,20.500000000000185,6.249999999994316,799,809,16.47,9.2,Truck,Truck,,
357,358,52.81,304.85,357.66,7030,20.999999999999908,6.250000000003197,20.74999999999996,6.249999999994316,799,809,16.47,9.2,Truck,Truck,,
358,359,52.83,305.68,358.51,7031,21.25000000000004,6.250000000003197,20.74999999999996,0.0,799,809,16.47,9.2,Truck,Truck,,
359,360,52.85000000000001,306.5,359.35,7032,21.000000000000085,6.2499999999987566,20.49999999999983,6.250000000003197,799,809,16.47,9.2,Truck,Truck,,
360,361,52.85999999999999,307.33000000000004,360.19000000000005,7033,20.999999999999908,4.440892098500626e-12,20.750000000000316,6.250000000012079,799,809,16.47,9.2,Truck,Truck,,
361,362,52.87,308.16,361.03,7034,21.000000000000085,4.440892098500626e-12,20.74999999999996,8.881784197001252e-12,799,809,16.47,9.2,Truck,Truck,,
362,363,52.870000000000005,309.0,361.87,7035,20.999999999999908,4.440892098500626e-12,20.99999999999973,6.249999999994316,799,809,16.47,9.2,Truck,Truck,,
363,364,52.88,309.83000000000004,362.71,7036,21.000000000000085,4.440892098500626e-12,20.750000000000316,6.249999999985434,799,809,16.47,9.2,Truck,Truck,,
364,365,52.88,310.66,363.54,7037,20.74999999999996,6.250000000003197,20.74999999999996,8.881784197001252e-12,799,809,16.47,9.2,Truck,Truck,,
365,366,52.88,311.49,364.37,7038,20.74999999999996,0.0,20.74999999999996,0.0,799,809,16.47,9.2,Truck,Truck,,
366,367,52.87,312.32000000000005,365.19000000000005,7039,20.500000000000007,6.2499999999987566,20.74999999999996,0.0,799,809,16.47,9.2,Truck,Truck,,
367,368,52.88000000000001,313.14,366.02,7040,20.75000000000005,6.250000000000977,20.49999999999983,6.250000000003197,799,809,16.47,9.2,Truck,Truck,,
368,369,52.86999999999999,313.97,366.84,7041,20.500000000000007,6.250000000000977,20.750000000000316,6.250000000012079,799,809,16.47,9.2,Truck,Truck,,
369,370,52.88,314.79,367.67,7042,20.74999999999996,6.2499999999987566,20.49999999999983,6.250000000012079,799,809,16.47,9.2,Truck,Truck,,
370,371,52.88,315.62,368.5,7043,20.75000000000005,2.220446049250313e-12,20.74999999999996,6.250000000003197,799,809,16.47,9.2,Truck,Truck,,
371,372,52.88,316.45000000000005,369.33,7044,20.74999999999996,2.220446049250313e-12,20.74999999999996,0.0,799,809,16.47,9.2,Truck,Truck,,
372,373,52.89,317.27000000000004,370.16,7045,20.75000000000005,2.220446049250313e-12,20.500000000000185,6.249999999994316,799,809,16.47,9.2,Truck,Truck,,
373,374,52.900000000000006,318.09000000000003,370.99,7046,20.74999999999996,2.220446049250313e-12,20.49999999999983,8.881784197001252e-12,799,809,16.47,9.2,Truck,Truck,,
374,375,52.89999999999999,318.91,371.81,7047,20.500000000000007,6.2499999999987566,20.500000000000185,8.881784197001252e-12,799,809,16.47,9.2,Truck,Truck,,
375,376,52.900000000000006,319.73,372.63,7048,20.500000000000007,0.0,20.49999999999983,8.881784197001252e-12,799,809,16.47,9.2,Truck,Truck,,
376,377,52.900000000000006,320.56,373.46,7049,20.75000000000005,6.250000000000977,20.74999999999996,6.250000000003197,799,809,16.47,9.2,Truck,Truck,,
377,378,52.89999999999999,321.38,374.28,7050,20.49999999999992,6.250000000003197,20.500000000000185,6.249999999994316,799,809,16.47,9.2,Truck,Truck,,
378,379,52.91,322.21000000000004,375.12,7051,21.0,12.500000000001954,20.74999999999996,6.249999999994316,799,809,16.47,9.2,Truck,Truck,,
379,380,52.93,323.04,375.97,7052,21.25000000000004,6.250000000000977,20.74999999999996,0.0,799,809,16.47,9.2,Truck,Truck,,
380,381,52.95,323.86,376.81,7053,21.0,6.250000000000977,20.49999999999983,6.250000000003197,799,809,16.47,9.2,Truck,Truck,,
381,382,52.95,324.69000000000005,377.64,7054,20.75000000000005,6.2499999999987566,20.750000000000316,6.250000000012079,799,809,16.47,9.2,Truck,Truck,,
382,383,52.97,325.51,378.48,7055,21.0,6.2499999999987566,20.49999999999983,6.250000000012079,799,809,16.47,9.2,Truck,Truck,,
383,384,52.99,326.32000000000005,379.31000000000006,7056,20.74999999999996,6.250000000000977,20.250000000000057,6.249999999994316,799,809,16.47,9.2,Truck,Truck,,
384,385,53.00000000000001,327.14,380.14,7057,20.75000000000005,2.220446049250313e-12,20.49999999999983,6.249999999994316,799,809,16.47,9.2,Truck,Truck,,
385,386,53.00999999999999,327.97,380.98,7058,21.0,6.2499999999987566,20.750000000000316,6.250000000012079,799,809,16.47,9.2,Truck,Truck,,
386,387,53.02,328.79,381.81,7059,20.74999999999996,6.250000000000977,20.49999999999983,6.250000000012079,799,809,16.47,9.2,Truck,Truck,,
387,388,53.03000000000001,329.61,382.64,7060,20.75,1.0658141036401505e-12,20.49999999999983,0.0,799,809,16.47,9.2,Truck,Truck,,
388,389,53.05,330.43,383.48,7061,21.0,6.249999999999911,20.500000000000185,8.881784197001252e-12,799,809,16.47,9.2,Truck,Truck,,
389,390,53.05,331.25,384.3,7062,20.500000000000007,12.499999999999734,20.49999999999983,8.881784197001252e-12,799,809,16.47,9.2,Truck,Truck,,
390,391,53.06,332.07000000000005,385.13000000000005,7063,20.75,6.249999999999822,20.500000000000185,8.881784197001252e-12,799,809,16.47,9.2,Truck,Truck,,
391,392,53.07000000000001,332.89,385.96,7064,20.75,0.0,20.49999999999983,8.881784197001252e-12,799,809,16.47,9.2,Truck,Truck,,
392,393,53.07,333.72,386.79,7065,20.75,0.0,20.75000000000013,6.250000000007638,799,809,16.47,9.2,Truck,Truck,,
393,394,53.08,334.55,387.63,7066,21.0,6.249999999999911,20.74999999999996,4.440892098500626e-12,799,809,16.47,9.2,Truck,Truck,,
394,395,53.1,335.37,388.47,7067,21.0,0.0,20.500000000000007,6.2499999999987566,799,809,16.47,9.2,Truck,Truck,,
395,396,53.11,336.19,389.3,7068,20.75,6.249999999999911,20.500000000000007,0.0,799,809,16.47,9.2,Truck,Truck,,
396,397,53.14,337.0,390.14,7069,21.0,6.249999999999911,20.250000000000057,6.2499999999987566,799,809,16.47,9.2,Truck,Truck,,
397,398,53.13,337.83000000000004,390.96,7070,20.500000000000007,12.499999999999734,20.74999999999996,12.499999999997511,799,809,16.47,9.2,Truck,Truck,,
398,399,53.15,338.65000000000003,391.8,7071,21.0,12.499999999999734,20.500000000000007,6.2499999999987566,799,809,16.47,9.2,Truck,Truck,,
399,400,53.16,339.47,392.63,7072,20.75,6.249999999999911,20.500000000000007,0.0,799,809,16.47,9.2,Truck,Truck,,
400,401,53.17,340.29,393.46,7073,20.75,0.0,20.500000000000007,0.0,799,809,16.47,9.2,Truck,Truck,,
401,402,53.19,341.11,394.3,7074,21.0,6.249999999999911,20.500000000000007,0.0,799,809,16.47,9.2,Truck,Truck,,
402,403,53.19,341.94,395.13,7075,20.75,6.249999999999911,20.74999999999996,6.2499999999987566,799,809,16.47,9.2,Truck,Truck,,
403,404,53.2,342.76,395.96,7076,20.75,0.0,20.500000000000007,6.2499999999987566,799,809,16.47,9.2,Truck,Truck,,
404,405,53.21,343.59000000000003,396.8,7077,21.000000000000004,6.250000000000089,20.74999999999996,6.2499999999987566,799,809,16.47,9.2,Truck,Truck,,
405,406,53.21,344.42,397.63,7078,20.75,6.250000000000089,20.75000000000013,4.440892098500626e-12,799,809,16.47,9.2,Truck,Truck,,
406,407,53.22,345.24,398.46,7079,20.75,0.0,20.500000000000007,6.250000000003197,799,809,16.47,9.2,Truck,Truck,,
407,408,53.24,346.06,399.3,7080,21.0,6.25,20.500000000000007,0.0,799,809,16.47,9.2,Truck,Truck,,
408,409,53.24,346.89000000000004,400.13000000000005,7081,20.75,6.250000000000089,20.74999999999996,6.2499999999987566,799,809,16.47,9.2,Truck,Truck,,
409,410,53.25,347.71000000000004,400.96,7082,20.75,8.881784197001252e-14,20.500000000000007,6.2499999999987566,799,809,16.47,9.2,Truck,Truck,,
410,411,53.26,348.54,401.8,7083,21.0,6.249999999999911,20.74999999999996,6.2499999999987566,799,809,16.47,9.2,Truck,Truck,,
411,412,53.260000000000005,349.37,402.63,7084,20.75,6.249999999999911,20.74999999999996,0.0,799,809,16.47,9.2,Truck,Truck,,
412,413,53.260000000000005,350.20000000000005,403.46,7085,20.75,0.0,20.74999999999996,0.0,799,809,16.47,9.2,Truck,Truck,,
413,414,53.27,351.03000000000003,404.3,7086,21.0,6.249999999999911,20.75000000000013,4.440892098500626e-12,799,809,16.47,9.2,Truck,Truck,,
414,415,53.28,351.85,405.13,7087,20.75,6.249999999999911,20.500000000000007,6.250000000003197,799,809,16.47,9.2,Truck,Truck,,
415,416,53.3,352.67,405.97,7088,21.0,6.249999999999911,20.500000000000007,0.0,799,809,16.47,9.2,Truck,Truck,,
416,417,53.31,353.49,406.8,7089,20.75,6.249999999999911,20.500000000000007,0.0,799,809,16.47,9.2,Truck,Truck,,
417,418,53.33,354.3,407.63,7090,20.75,0.0,20.24999999999988,6.250000000003197,799,809,16.47,9.2,Truck,Truck,,
418,419,53.35,355.12,408.47,7091,21.0,6.249999999999911,20.500000000000007,6.250000000003197,799,809,16.47,9.2,Truck,Truck,,
419,420,53.36,355.94,409.3,7092,20.75,6.249999999999911,20.500000000000007,0.0,799,809,16.47,9.2,Truck,Truck,,
420,421,53.39,356.75,410.14,7093,21.0,6.249999999999911,20.250000000000057,6.2499999999987566,799,809,16.47,9.2,Truck,Truck,,
421,422,53.4,357.57000000000005,410.97,7094,20.75,6.249999999999911,20.500000000000007,6.2499999999987566,799,809,16.47,9.2,Truck,Truck,,
422,423,53.39,358.41,411.8,7095,20.75,0.0,20.999999999999908,12.499999999997511,799,809,16.47,9.2,Truck,Truck,,
423,424,53.41,359.23,412.64,7096,21.0,6.249999999999911,20.500000000000007,12.499999999997511,799,809,16.47,9.2,Truck,Truck,,
424,425,53.41,360.06,413.47,7097,20.75,6.249999999999911,20.75000000000013,6.250000000003197,799,809,16.47,9.2,Truck,Truck,,
425,426,53.42999999999999,360.88,414.31,7098,21.0,6.249999999999911,20.500000000000007,6.250000000003197,799,809,16.47,9.2,Truck,Truck,,
