,distance,following_x,front_x,frame,front_speed,front_a,following_speed,front_id,following_id,front_width,following_width,front_class,following_class,front_feature,following_feature
1,30.850000000000023,0.0,30.850000000000023,13985,24.250000000000682,6.2499999999587885,21.999999999999886,664,666,14.75,11.82,Car,Truck,,
2,30.930000000000007,0.8999999999999773,31.829999999999984,13986,24.499999999999034,6.2499999999587885,22.49999999999943,664,666,14.75,11.82,Car,Truck,,
3,30.970000000000027,1.8199999999999932,32.79000000000002,13987,24.00000000000091,12.499999999953104,23.000000000000398,664,666,14.75,11.82,Car,Truck,,
4,30.980000000000018,2.769999999999982,33.75,13988,23.99999999999949,3.552713678800501e-11,23.749999999999716,664,666,14.75,11.82,Car,Truck,,
5,30.99000000000001,3.7199999999999704,34.70999999999998,13989,23.99999999999949,0.0,23.749999999999716,664,666,14.75,11.82,Car,Truck,,
6,31.0,4.670000000000016,35.670000000000016,13990,24.00000000000091,3.552713678800501e-11,23.750000000001137,664,666,14.75,11.82,Car,Truck,,
7,31.0,5.6299999999999955,36.629999999999995,13991,23.99999999999949,3.552713678800501e-11,23.99999999999949,664,666,14.75,11.82,Car,Truck,,
8,31.0,6.579999999999984,37.579999999999984,13992,23.749999999999716,6.249999999994316,23.749999999999716,664,666,14.75,11.82,Car,Truck,,
9,31.0,7.5400000000000205,38.54000000000002,13993,24.00000000000091,6.250000000029843,24.00000000000091,664,666,14.75,11.82,Car,Truck,,
10,31.0,8.5,39.5,13994,23.99999999999949,3.552713678800501e-11,23.99999999999949,664,666,14.75,11.82,Car,Truck,,
11,30.99000000000001,9.46999999999997,40.45999999999998,13995,23.99999999999949,0.0,24.24999999999926,664,666,14.75,11.82,Car,Truck,,
12,30.980000000000018,10.439999999999998,41.420000000000016,13996,24.00000000000091,3.552713678800501e-11,24.250000000000682,664,666,14.75,11.82,Car,Truck,,
13,30.94999999999999,11.420000000000016,42.370000000000005,13997,23.749999999999716,6.250000000029843,24.500000000000455,664,666,14.75,11.82,Car,Truck,,
14,30.95999999999998,12.379999999999995,43.339999999999975,13998,24.24999999999926,12.499999999988631,23.99999999999949,664,666,14.75,11.82,Car,Truck,,
15,30.96999999999997,13.350000000000023,44.31999999999999,13999,24.500000000000455,6.250000000029843,24.250000000000682,664,666,14.75,11.82,Car,Truck,,
16,30.970000000000027,14.319999999999993,45.29000000000002,14000,24.250000000000682,6.249999999994316,24.24999999999926,664,666,14.75,11.82,Car,Truck,,
17,30.95999999999998,15.300000000000011,46.25999999999999,14001,24.24999999999926,3.552713678800501e-11,24.500000000000455,664,666,14.75,11.82,Car,Truck,,
18,30.970000000000027,16.269999999999982,47.24000000000001,14002,24.500000000000455,6.250000000029843,24.24999999999926,664,666,14.75,11.82,Car,Truck,,
19,30.97999999999996,17.230000000000018,48.20999999999998,14003,24.24999999999926,6.250000000029843,24.00000000000091,664,666,14.75,11.82,Car,Truck,,
20,30.99000000000001,18.189999999999998,49.18000000000001,14004,24.250000000000682,3.552713678800501e-11,23.99999999999949,664,666,14.75,11.82,Car,Truck,,
21,30.989999999999952,19.160000000000025,50.14999999999998,14005,24.24999999999926,3.552713678800501e-11,24.250000000000682,664,666,14.75,11.82,Car,Truck,,
22,31.0,20.120000000000005,51.120000000000005,14006,24.250000000000682,3.552713678800501e-11,23.99999999999949,664,666,14.75,11.82,Car,Truck,,
23,30.99000000000001,21.089999999999975,52.079999999999984,14007,23.99999999999949,6.250000000029843,24.24999999999926,664,666,14.75,11.82,Car,Truck,,
24,31.0,22.05000000000001,53.05000000000001,14008,24.250000000000682,6.250000000029843,24.00000000000091,664,666,14.75,11.82,Car,Truck,,
25,31.0,23.00999999999999,54.00999999999999,14009,23.99999999999949,6.250000000029843,23.99999999999949,664,666,14.75,11.82,Car,Truck,,
26,31.010000000000048,23.96999999999997,54.98000000000002,14010,24.250000000000682,6.250000000029843,23.99999999999949,664,666,14.75,11.82,Car,Truck,,
27,30.99000000000001,24.94999999999999,55.94,14011,23.99999999999949,6.250000000029843,24.500000000000455,664,666,14.75,11.82,Car,Truck,,
28,31.0,25.899999999999977,56.89999999999998,14012,23.99999999999949,0.0,23.749999999999716,664,666,14.75,11.82,Car,Truck,,
29,31.0,26.860000000000014,57.860000000000014,14013,24.00000000000091,3.552713678800501e-11,24.00000000000091,664,666,14.75,11.82,Car,Truck,,
30,31.0,27.810000000000002,58.81,14014,23.749999999999716,6.250000000029843,23.749999999999716,664,666,14.75,11.82,Car,Truck,,
31,30.99000000000001,28.769999999999982,59.75999999999999,14015,23.749999999999716,0.0,23.99999999999949,664,666,14.75,11.82,Car,Truck,,
32,30.96999999999997,29.74000000000001,60.70999999999998,14016,23.749999999999716,0.0,24.250000000000682,664,666,14.75,11.82,Car,Truck,,
33,30.950000000000045,30.70999999999998,61.660000000000025,14017,23.750000000001137,3.552713678800501e-11,24.24999999999926,664,666,14.75,11.82,Car,Truck,,
34,30.94999999999999,31.670000000000016,62.620000000000005,14018,23.99999999999949,6.2499999999587885,24.00000000000091,664,666,14.75,11.82,Car,Truck,,
35,30.94999999999999,32.639999999999986,63.589999999999975,14019,24.24999999999926,6.249999999994316,24.24999999999926,664,666,14.75,11.82,Car,Truck,,
36,30.96999999999997,33.60000000000002,64.57,14020,24.500000000000455,6.250000000029843,24.00000000000091,664,666,14.75,11.82,Car,Truck,,
37,30.980000000000018,34.56999999999999,65.55000000000001,14021,24.500000000000455,0.0,24.24999999999926,664,666,14.75,11.82,Car,Truck,,
38,31.010000000000048,35.52999999999997,66.54000000000002,14022,24.750000000000227,6.249999999994316,23.99999999999949,664,666,14.75,11.82,Car,Truck,,
39,31.00999999999999,36.5,67.50999999999999,14023,24.24999999999926,12.500000000024158,24.250000000000682,664,666,14.75,11.82,Car,Truck,,
40,31.03000000000003,37.44999999999999,68.48000000000002,14024,24.250000000000682,3.552713678800501e-11,23.749999999999716,664,666,14.75,11.82,Car,Truck,,
41,31.039999999999964,38.410000000000025,69.44999999999999,14025,24.24999999999926,3.552713678800501e-11,24.00000000000091,664,666,14.75,11.82,Car,Truck,,
42,31.019999999999982,39.379999999999995,70.39999999999998,14026,23.749999999999716,12.499999999988631,24.24999999999926,664,666,14.75,11.82,Car,Truck,,
43,31.010000000000048,40.339999999999975,71.35000000000002,14027,23.750000000001137,3.552713678800501e-11,23.99999999999949,664,666,14.75,11.82,Car,Truck,,
44,31.00999999999999,41.31,72.32,14028,24.24999999999926,12.499999999953104,24.250000000000682,664,666,14.75,11.82,Car,Truck,,
45,31.00999999999999,42.26999999999998,73.27999999999997,14029,23.99999999999949,6.249999999994316,23.99999999999949,664,666,14.75,11.82,Car,Truck,,
46,31.00999999999999,43.23000000000002,74.24000000000001,14030,24.00000000000091,3.552713678800501e-11,24.00000000000091,664,666,14.75,11.82,Car,Truck,,
47,31.00999999999999,44.19,75.19999999999999,14031,23.99999999999949,3.552713678800501e-11,23.99999999999949,664,666,14.75,11.82,Car,Truck,,
48,31.0,45.160000000000025,76.16000000000003,14032,24.00000000000091,3.552713678800501e-11,24.250000000000682,664,666,14.75,11.82,Car,Truck,,
49,30.99000000000001,46.120000000000005,77.11000000000001,14033,23.749999999999716,6.250000000029843,23.99999999999949,664,666,14.75,11.82,Car,Truck,,
50,30.99000000000001,47.079999999999984,78.07,14034,23.99999999999949,6.249999999994316,23.99999999999949,664,666,14.75,11.82,Car,Truck,,
51,30.99000000000001,48.05000000000001,79.04000000000002,14035,24.250000000000682,6.250000000029843,24.250000000000682,664,666,14.75,11.82,Car,Truck,,
52,30.980000000000018,49.01999999999998,80.0,14036,23.99999999999949,6.250000000029843,24.24999999999926,664,666,14.75,11.82,Car,Truck,,
53,30.97999999999996,49.99000000000001,80.96999999999997,14037,24.24999999999926,6.249999999994316,24.250000000000682,664,666,14.75,11.82,Car,Truck,,
54,30.970000000000027,50.95999999999998,81.93,14038,24.00000000000091,6.2499999999587885,24.24999999999926,664,666,14.75,11.82,Car,Truck,,
55,30.96999999999997,51.93000000000001,82.89999999999998,14039,24.24999999999926,6.2499999999587885,24.250000000000682,664,666,14.75,11.82,Car,Truck,,
56,30.970000000000027,52.889999999999986,83.86000000000001,14040,24.00000000000091,6.2499999999587885,23.99999999999949,664,666,14.75,11.82,Car,Truck,,
57,30.97999999999996,53.85000000000002,84.82999999999998,14041,24.24999999999926,6.2499999999587885,24.00000000000091,664,666,14.75,11.82,Car,Truck,,
58,31.0,54.80000000000001,85.80000000000001,14042,24.250000000000682,3.552713678800501e-11,23.749999999999716,664,666,14.75,11.82,Car,Truck,,
59,31.0,55.75999999999999,86.75999999999999,14043,23.99999999999949,6.250000000029843,23.99999999999949,664,666,14.75,11.82,Car,Truck,,
60,31.0,56.70999999999998,87.70999999999998,14044,23.749999999999716,6.249999999994316,23.749999999999716,664,666,14.75,11.82,Car,Truck,,
61,31.00999999999999,57.670000000000016,88.68,14045,24.250000000000682,12.500000000024158,24.00000000000091,664,666,14.75,11.82,Car,Truck,,
62,31.00999999999999,58.639999999999986,89.64999999999998,14046,24.24999999999926,3.552713678800501e-11,24.24999999999926,664,666,14.75,11.82,Car,Truck,,
63,31.019999999999982,59.60000000000002,90.62,14047,24.250000000000682,3.552713678800501e-11,24.00000000000091,664,666,14.75,11.82,Car,Truck,,
64,31.029999999999973,60.56,91.58999999999997,14048,24.24999999999926,3.552713678800501e-11,23.99999999999949,664,666,14.75,11.82,Car,Truck,,
65,31.04000000000002,61.51999999999998,92.56,14049,24.250000000000682,3.552713678800501e-11,23.99999999999949,664,666,14.75,11.82,Car,Truck,,
66,31.039999999999964,62.49000000000001,93.52999999999997,14050,24.24999999999926,3.552713678800501e-11,24.250000000000682,664,666,14.75,11.82,Car,Truck,,
67,31.05000000000001,63.44999999999999,94.5,14051,24.250000000000682,3.552713678800501e-11,23.99999999999949,664,666,14.75,11.82,Car,Truck,,
68,31.060000000000002,64.39999999999998,95.45999999999998,14052,23.99999999999949,6.250000000029843,23.749999999999716,664,666,14.75,11.82,Car,Truck,,
69,31.079999999999984,65.36000000000001,96.44,14053,24.500000000000455,12.500000000024158,24.00000000000091,664,666,14.75,11.82,Car,Truck,,
70,31.090000000000032,66.32,97.41000000000003,14054,24.250000000000682,6.249999999994316,23.99999999999949,664,666,14.75,11.82,Car,Truck,,
71,31.079999999999984,67.29000000000002,98.37,14055,23.99999999999949,6.250000000029843,24.250000000000682,664,666,14.75,11.82,Car,Truck,,
72,31.069999999999993,68.25999999999999,99.32999999999998,14056,23.99999999999949,0.0,24.24999999999926,664,666,14.75,11.82,Car,Truck,,
73,31.069999999999993,69.23000000000002,100.30000000000001,14057,24.250000000000682,6.250000000029843,24.250000000000682,664,666,14.75,11.82,Car,Truck,,
74,31.069999999999993,70.19,101.25999999999999,14058,23.99999999999949,6.250000000029843,23.99999999999949,664,666,14.75,11.82,Car,Truck,,
75,31.08000000000004,71.14999999999998,102.23000000000002,14059,24.250000000000682,6.250000000029843,23.99999999999949,664,666,14.75,11.82,Car,Truck,,
76,31.089999999999975,72.10000000000002,103.19,14060,23.99999999999949,6.250000000029843,23.750000000001137,664,666,14.75,11.82,Car,Truck,,
77,31.110000000000014,73.05000000000001,104.16000000000003,14061,24.250000000000682,6.250000000029843,23.749999999999716,664,666,14.75,11.82,Car,Truck,,
78,31.139999999999986,74.0,105.13999999999999,14062,24.499999999999034,6.2499999999587885,23.749999999999716,664,666,14.75,11.82,Car,Truck,,
79,31.160000000000025,74.94999999999999,106.11000000000001,14063,24.250000000000682,6.2499999999587885,23.749999999999716,664,666,14.75,11.82,Car,Truck,,
80,31.170000000000016,75.89999999999998,107.07,14064,23.99999999999949,6.250000000029843,23.749999999999716,664,666,14.75,11.82,Car,Truck,,
81,31.17999999999995,76.85000000000002,108.02999999999997,14065,23.99999999999949,0.0,23.750000000001137,664,666,14.75,11.82,Car,Truck,,
82,31.189999999999998,77.81,109.0,14066,24.250000000000682,6.250000000029843,23.99999999999949,664,666,14.75,11.82,Car,Truck,,
83,31.189999999999998,78.77999999999997,109.96999999999997,14067,24.24999999999926,3.552713678800501e-11,24.24999999999926,664,666,14.75,11.82,Car,Truck,,
84,31.180000000000007,79.75999999999999,110.94,14068,24.250000000000682,3.552713678800501e-11,24.500000000000455,664,666,14.75,11.82,Car,Truck,,
85,31.16999999999996,80.73000000000002,111.89999999999998,14069,23.99999999999949,6.250000000029843,24.250000000000682,664,666,14.75,11.82,Car,Truck,,
86,31.160000000000025,81.70999999999998,112.87,14070,24.250000000000682,6.250000000029843,24.499999999999034,664,666,14.75,11.82,Car,Truck,,
87,31.149999999999977,82.68,113.82999999999998,14071,23.99999999999949,6.250000000029843,24.250000000000682,664,666,14.75,11.82,Car,Truck,,
88,31.150000000000034,83.64999999999998,114.80000000000001,14072,24.250000000000682,6.250000000029843,24.24999999999926,664,666,14.75,11.82,Car,Truck,,
89,31.16999999999996,84.60000000000002,115.76999999999998,14073,24.24999999999926,3.552713678800501e-11,23.750000000001137,664,666,14.75,11.82,Car,Truck,,
90,31.170000000000016,85.56,116.73000000000002,14074,24.00000000000091,6.2499999999587885,23.99999999999949,664,666,14.75,11.82,Car,Truck,,
91,31.170000000000016,86.51999999999998,117.69,14075,23.99999999999949,3.552713678800501e-11,23.99999999999949,664,666,14.75,11.82,Car,Truck,,
92,31.180000000000007,87.48000000000002,118.66000000000003,14076,24.250000000000682,6.250000000029843,24.00000000000091,664,666,14.75,11.82,Car,Truck,,
93,31.189999999999998,88.44,119.63,14077,24.24999999999926,3.552713678800501e-11,23.99999999999949,664,666,14.75,11.82,Car,Truck,,
94,31.189999999999998,89.39999999999998,120.58999999999997,14078,23.99999999999949,6.249999999994316,23.99999999999949,664,666,14.75,11.82,Car,Truck,,
95,31.20999999999998,90.35000000000002,121.56,14079,24.250000000000682,6.250000000029843,23.750000000001137,664,666,14.75,11.82,Car,Truck,,
96,31.22999999999996,91.30000000000001,122.52999999999997,14080,24.24999999999926,3.552713678800501e-11,23.749999999999716,664,666,14.75,11.82,Car,Truck,,
97,31.25,92.25,123.5,14081,24.250000000000682,3.552713678800501e-11,23.749999999999716,664,666,14.75,11.82,Car,Truck,,
98,31.25,93.21999999999997,124.46999999999997,14082,24.24999999999926,3.552713678800501e-11,24.24999999999926,664,666,14.75,11.82,Car,Truck,,
99,31.269999999999982,94.18,125.44999999999999,14083,24.500000000000455,6.250000000029843,24.00000000000091,664,666,14.75,11.82,Car,Truck,,
100,31.28000000000003,95.13999999999999,126.42000000000002,14084,24.250000000000682,6.249999999994316,23.99999999999949,664,666,14.75,11.82,Car,Truck,,
101,31.279999999999973,96.10000000000002,127.38,14085,23.99999999999949,6.250000000029843,24.00000000000091,664,666,14.75,11.82,Car,Truck,,
102,31.29000000000002,97.06,128.35000000000002,14086,24.250000000000682,6.250000000029843,23.99999999999949,664,666,14.75,11.82,Car,Truck,,
103,31.29000000000002,98.01999999999998,129.31,14087,23.99999999999949,6.250000000029843,23.99999999999949,664,666,14.75,11.82,Car,Truck,,
104,31.310000000000002,98.96999999999997,130.27999999999997,14088,24.24999999999926,6.249999999994316,23.749999999999716,664,666,14.75,11.82,Car,Truck,,
105,31.319999999999993,99.92000000000002,131.24,14089,24.00000000000091,6.2499999999587885,23.750000000001137,664,666,14.75,11.82,Car,Truck,,
106,31.329999999999984,100.88,132.20999999999998,14090,24.24999999999926,6.2499999999587885,23.99999999999949,664,666,14.75,11.82,Car,Truck,,
107,31.329999999999984,101.85000000000002,133.18,14091,24.250000000000682,3.552713678800501e-11,24.250000000000682,664,666,14.75,11.82,Car,Truck,,
108,31.339999999999975,102.81,134.14999999999998,14092,24.24999999999926,3.552713678800501e-11,23.99999999999949,664,666,14.75,11.82,Car,Truck,,
109,31.350000000000023,103.75999999999999,135.11,14093,24.00000000000091,6.2499999999587885,23.749999999999716,664,666,14.75,11.82,Car,Truck,,
110,31.360000000000014,104.70999999999998,136.07,14094,23.99999999999949,3.552713678800501e-11,23.749999999999716,664,666,14.75,11.82,Car,Truck,,
111,31.379999999999995,105.66000000000003,137.04000000000002,14095,24.250000000000682,6.250000000029843,23.750000000001137,664,666,14.75,11.82,Car,Truck,,
112,31.389999999999986,106.62,138.01,14096,24.24999999999926,3.552713678800501e-11,23.99999999999949,664,666,14.75,11.82,Car,Truck,,
113,31.399999999999977,107.57,138.96999999999997,14097,23.99999999999949,6.249999999994316,23.749999999999716,664,666,14.75,11.82,Car,Truck,,
114,31.400000000000034,108.52999999999997,139.93,14098,24.00000000000091,3.552713678800501e-11,23.99999999999949,664,666,14.75,11.82,Car,Truck,,
115,31.409999999999997,109.49000000000001,140.9,14099,24.24999999999997,6.249999999976552,24.00000000000091,664,666,14.75,11.82,Car,Truck,,
116,31.420000000000016,110.44999999999999,141.87,14100,24.24999999999997,0.0,23.99999999999949,664,666,14.75,11.82,Car,Truck,,
117,31.450000000000017,111.38999999999999,142.84,14101,24.24999999999997,0.0,23.499999999999943,664,666,14.75,11.82,Car,Truck,,
118,31.44999999999999,112.35000000000002,143.8,14102,24.0000000000002,6.249999999994316,24.00000000000091,664,666,14.75,11.82,Car,Truck,,
119,31.47,113.31,144.78,14103,24.499999999999744,12.499999999988631,23.99999999999949,664,666,14.75,11.82,Car,Truck,,
120,31.49000000000001,114.25,145.74,14104,24.0000000000002,12.499999999988631,23.499999999999943,664,666,14.75,11.82,Car,Truck,,
121,31.50999999999999,115.19,146.7,14105,23.99999999999949,1.7763568394002505e-11,23.499999999999943,664,666,14.75,11.82,Car,Truck,,
122,31.53,116.13999999999999,147.67,14106,24.24999999999997,6.250000000012079,23.749999999999716,664,666,14.75,11.82,Car,Truck,,
123,31.539999999999964,117.10000000000002,148.64,14107,24.24999999999997,0.0,24.00000000000091,664,666,14.75,11.82,Car,Truck,,
124,31.549999999999983,118.05000000000001,149.6,14108,24.0000000000002,6.249999999994316,23.749999999999716,664,666,14.75,11.82,Car,Truck,,
125,31.569999999999993,119.0,150.57,14109,24.24999999999997,6.249999999994316,23.749999999999716,664,666,14.75,11.82,Car,Truck,,
126,31.580000000000013,119.95999999999998,151.54,14110,24.24999999999997,0.0,23.99999999999949,664,666,14.75,11.82,Car,Truck,,
127,31.579999999999984,120.92000000000002,152.5,14111,24.0000000000002,6.249999999994316,24.00000000000091,664,666,14.75,11.82,Car,Truck,,
128,31.590000000000003,121.87,153.46,14112,24.0000000000002,0.0,23.749999999999716,664,666,14.75,11.82,Car,Truck,,
129,31.590000000000003,122.82999999999998,154.42,14113,23.99999999999949,1.7763568394002505e-11,23.99999999999949,664,666,14.75,11.82,Car,Truck,,
130,31.610000000000014,123.77999999999997,155.39,14114,24.24999999999997,6.250000000012079,23.749999999999716,664,666,14.75,11.82,Car,Truck,,
131,31.619999999999976,124.73000000000002,156.35,14115,24.0000000000002,6.249999999994316,23.750000000001137,664,666,14.75,11.82,Car,Truck,,
132,31.629999999999995,125.68,157.31,14116,24.0000000000002,0.0,23.749999999999716,664,666,14.75,11.82,Car,Truck,,
133,31.640000000000015,126.63,158.27,14117,24.0000000000002,0.0,23.749999999999716,664,666,14.75,11.82,Car,Truck,,
134,31.650000000000006,127.57999999999998,159.23,14118,23.99999999999949,1.7763568394002505e-11,23.749999999999716,664,666,14.75,11.82,Car,Truck,,
135,31.659999999999968,128.54000000000002,160.2,14119,24.24999999999997,6.250000000012079,24.00000000000091,664,666,14.75,11.82,Car,Truck,,
136,31.669999999999987,129.49,161.16,14120,24.0000000000002,6.249999999994316,23.749999999999716,664,666,14.75,11.82,Car,Truck,,
137,31.680000000000007,130.45,162.13,14121,24.24999999999997,6.249999999994316,23.99999999999949,664,666,14.75,11.82,Car,Truck,,
138,31.69999999999996,131.41000000000003,163.10999999999999,14122,24.499999999999744,6.249999999994316,24.00000000000091,664,666,14.75,11.82,Car,Truck,,
139,31.69999999999999,132.37,164.07,14123,24.0000000000002,12.499999999988631,23.99999999999949,664,666,14.75,11.82,Car,Truck,,
140,31.72,133.32,165.04,14124,24.24999999999997,6.249999999994316,23.749999999999716,664,666,14.75,11.82,Car,Truck,,
141,31.720000000000027,134.27999999999997,166.0,14125,24.0000000000002,6.249999999994316,23.99999999999949,664,666,14.75,11.82,Car,Truck,,
142,31.75000000000003,135.21999999999997,166.97,14126,24.24999999999997,6.249999999994316,23.499999999999943,664,666,14.75,11.82,Car,Truck,,
143,31.75999999999999,136.17000000000002,167.93,14127,24.0000000000002,6.249999999994316,23.750000000001137,664,666,14.75,11.82,Car,Truck,,
144,31.78,137.12,168.9,14128,24.24999999999997,6.249999999994316,23.749999999999716,664,666,14.75,11.82,Car,Truck,,
145,31.79000000000002,138.07999999999998,169.87,14129,24.24999999999997,0.0,23.99999999999949,664,666,14.75,11.82,Car,Truck,,
146,31.81000000000003,139.02999999999997,170.84,14130,24.24999999999997,0.0,23.749999999999716,664,666,14.75,11.82,Car,Truck,,
147,31.83000000000004,139.96999999999997,171.8,14131,24.0000000000002,6.249999999994316,23.499999999999943,664,666,14.75,11.82,Car,Truck,,
148,31.849999999999994,140.91,172.76,14132,23.99999999999949,1.7763568394002505e-11,23.500000000000654,664,666,14.75,11.82,Car,Truck,,
149,31.870000000000005,141.85999999999999,173.73,14133,24.24999999999997,6.250000000012079,23.749999999999716,664,666,14.75,11.82,Car,Truck,,
150,31.889999999999986,142.8,174.69,14134,24.0000000000002,6.249999999994316,23.500000000000654,664,666,14.75,11.82,Car,Truck,,
151,31.909999999999997,143.74,175.65,14135,24.0000000000002,0.0,23.499999999999943,664,666,14.75,11.82,Car,Truck,,
152,31.939999999999998,144.68,176.62,14136,24.24999999999997,6.249999999994316,23.499999999999943,664,666,14.75,11.82,Car,Truck,,
153,31.960000000000008,145.63,177.59,14137,24.24999999999997,0.0,23.749999999999716,664,666,14.75,11.82,Car,Truck,,
154,31.970000000000027,146.57999999999998,178.55,14138,24.0000000000002,6.249999999994316,23.749999999999716,664,666,14.75,11.82,Car,Truck,,
155,31.980000000000018,147.54,179.52,14139,24.24999999999997,6.249999999994316,24.0000000000002,664,666,14.75,11.82,Car,Truck,,
156,31.97999999999999,148.49,180.47,14140,23.749999999999716,12.500000000006395,23.750000000000426,664,666,14.75,11.82,Car,Truck,,
157,32.0,149.43,181.43,14141,24.0000000000002,6.250000000012079,23.499999999999943,664,666,14.75,11.82,Car,Truck,,
158,32.00999999999999,150.38,182.39,14142,23.99999999999949,1.7763568394002505e-11,23.749999999999716,664,666,14.75,11.82,Car,Truck,,
159,32.03,151.32999999999998,183.35999999999999,14143,24.24999999999997,6.250000000012079,23.749999999999716,664,666,14.75,11.82,Car,Truck,,
160,32.04999999999998,152.27,184.32,14144,24.0000000000002,6.249999999994316,23.500000000000654,664,666,14.75,11.82,Car,Truck,,
161,32.06,153.22,185.28,14145,24.0000000000002,0.0,23.749999999999716,664,666,14.75,11.82,Car,Truck,,
162,32.07000000000002,154.17,186.24,14146,24.0000000000002,0.0,23.749999999999716,664,666,14.75,11.82,Car,Truck,,
163,32.099999999999994,155.1,187.2,14147,23.99999999999949,1.7763568394002505e-11,23.25000000000017,664,666,14.75,11.82,Car,Truck,,
164,32.120000000000005,156.04,188.16,14148,24.0000000000002,1.7763568394002505e-11,23.499999999999943,664,666,14.75,11.82,Car,Truck,,
165,32.139999999999986,156.99,189.13,14149,24.24999999999997,6.249999999994316,23.750000000000426,664,666,14.75,11.82,Car,Truck,,
166,32.150000000000006,157.94,190.09,14150,24.0000000000002,6.249999999994316,23.749999999999716,664,666,14.75,11.82,Car,Truck,,
167,32.170000000000016,158.89,191.06,14151,24.24999999999997,6.249999999994316,23.749999999999716,664,666,14.75,11.82,Car,Truck,,
168,32.20000000000002,159.82999999999998,192.03,14152,24.24999999999997,0.0,23.499999999999943,664,666,14.75,11.82,Car,Truck,,
169,32.21000000000001,160.78,192.99,14153,24.0000000000002,6.249999999994316,23.750000000000426,664,666,14.75,11.82,Car,Truck,,
170,32.23000000000002,161.73,193.96,14154,24.24999999999997,6.249999999994316,23.749999999999716,664,666,14.75,11.82,Car,Truck,,
171,32.25,162.67,194.92,14155,23.99999999999949,6.250000000012079,23.499999999999943,664,666,14.75,11.82,Car,Truck,,
172,32.25,163.63,195.88,14156,24.0000000000002,1.7763568394002505e-11,24.0000000000002,664,666,14.75,11.82,Car,Truck,,
173,32.26000000000002,164.57999999999998,196.84,14157,24.0000000000002,0.0,23.749999999999716,664,666,14.75,11.82,Car,Truck,,
174,32.28,165.52,197.8,14158,24.0000000000002,0.0,23.500000000000654,664,666,14.75,11.82,Car,Truck,,
175,32.31,166.46,198.77,14159,24.24999999999997,6.249999999994316,23.499999999999943,664,666,14.75,11.82,Car,Truck,,
176,32.33000000000001,167.41,199.74,14160,24.24999999999997,0.0,23.749999999999716,664,666,14.75,11.82,Car,Truck,,
177,32.329999999999984,168.37,200.7,14161,23.99999999999949,6.250000000012079,24.0000000000002,664,666,14.75,11.82,Car,Truck,,
178,32.34,169.32,201.66,14162,24.0000000000002,1.7763568394002505e-11,23.749999999999716,664,666,14.75,11.82,Car,Truck,,
179,32.360000000000014,170.26,202.62,14163,24.0000000000002,0.0,23.499999999999943,664,666,14.75,11.82,Car,Truck,,
180,32.390000000000015,171.2,203.59,14164,24.24999999999997,6.249999999994316,23.499999999999943,664,666,14.75,11.82,Car,Truck,,
181,32.400000000000006,172.15,204.55,14165,24.0000000000002,6.249999999994316,23.750000000000426,664,666,14.75,11.82,Car,Truck,,
182,32.420000000000016,173.1,205.52,14166,24.24999999999997,6.249999999994316,23.749999999999716,664,666,14.75,11.82,Car,Truck,,
183,32.42999999999998,174.05,206.48,14167,23.99999999999949,6.250000000012079,23.750000000000426,664,666,14.75,11.82,Car,Truck,,
184,32.46000000000001,174.98,207.44,14168,24.0000000000002,1.7763568394002505e-11,23.24999999999946,664,666,14.75,11.82,Car,Truck,,
185,32.47999999999999,175.93,208.41,14169,24.24999999999997,6.249999999994316,23.750000000000426,664,666,14.75,11.82,Car,Truck,,
186,32.48999999999998,176.87,209.35999999999999,14170,23.749999999999716,12.500000000006395,23.499999999999943,664,666,14.75,11.82,Car,Truck,,
187,32.50999999999999,177.81,210.32,14171,24.0000000000002,6.250000000012079,23.499999999999943,664,666,14.75,11.82,Car,Truck,,
188,32.53,178.75,211.28,14172,24.0000000000002,0.0,23.499999999999943,664,666,14.75,11.82,Car,Truck,,
189,32.55000000000001,179.69,212.24,14173,24.0000000000002,0.0,23.499999999999943,664,666,14.75,11.82,Car,Truck,,
190,32.56999999999999,180.63,213.2,14174,23.99999999999949,1.7763568394002505e-11,23.499999999999943,664,666,14.75,11.82,Car,Truck,,
191,32.59,181.57,214.16,14175,24.0000000000002,1.7763568394002505e-11,23.499999999999943,664,666,14.75,11.82,Car,Truck,,
192,32.620000000000005,182.51,215.13,14176,24.24999999999997,6.249999999994316,23.499999999999943,664,666,14.75,11.82,Car,Truck,,
193,32.629999999999995,183.46,216.09,14177,24.0000000000002,6.249999999994316,23.750000000000426,664,666,14.75,11.82,Car,Truck,,
194,32.660000000000025,184.39,217.05,14178,24.0000000000002,0.0,23.24999999999946,664,666,14.75,11.82,Car,Truck,,
195,32.68000000000001,185.32999999999998,218.01,14179,23.99999999999949,1.7763568394002505e-11,23.499999999999943,664,666,14.75,11.82,Car,Truck,,
196,32.69999999999999,186.28,218.98,14180,24.24999999999997,6.250000000012079,23.750000000000426,664,666,14.75,11.82,Car,Truck,,
197,32.72,187.22,219.94,14181,24.0000000000002,6.249999999994316,23.499999999999943,664,666,14.75,11.82,Car,Truck,,
198,32.74000000000001,188.16,220.9,14182,24.0000000000002,0.0,23.499999999999943,664,666,14.75,11.82,Car,Truck,,
199,32.75,189.10999999999999,221.85999999999999,14183,23.99999999999949,1.7763568394002505e-11,23.749999999999716,664,666,14.75,11.82,Car,Truck,,
200,32.75999999999999,190.06,222.82,14184,24.0000000000002,1.7763568394002505e-11,23.750000000000426,664,666,14.75,11.82,Car,Truck,,
201,32.75999999999999,191.02,223.78,14185,24.0000000000002,0.0,24.0000000000002,664,666,14.75,11.82,Car,Truck,,
202,32.77000000000001,191.97,224.74,14186,24.0000000000002,0.0,23.749999999999716,664,666,14.75,11.82,Car,Truck,,
203,32.78,192.92,225.7,14187,23.99999999999949,1.7763568394002505e-11,23.749999999999716,664,666,14.75,11.82,Car,Truck,,
204,32.78,193.88,226.66,14188,24.0000000000002,1.7763568394002505e-11,24.0000000000002,664,666,14.75,11.82,Car,Truck,,
205,32.78,194.82999999999998,227.60999999999999,14189,23.749999999999716,6.250000000012079,23.749999999999716,664,666,14.75,11.82,Car,Truck,,
206,32.78,195.79,228.57,14190,24.0000000000002,6.250000000012079,24.0000000000002,664,666,14.75,11.82,Car,Truck,,
207,32.78999999999999,196.74,229.53,14191,24.0000000000002,0.0,23.750000000000426,664,666,14.75,11.82,Car,Truck,,
208,32.81,197.68,230.49,14192,24.0000000000002,0.0,23.499999999999943,664,666,14.75,11.82,Car,Truck,,
209,32.81999999999999,198.63,231.45,14193,23.99999999999949,1.7763568394002505e-11,23.749999999999716,664,666,14.75,11.82,Car,Truck,,
210,32.81999999999999,199.59,232.41,14194,24.0000000000002,1.7763568394002505e-11,24.0000000000002,664,666,14.75,11.82,Car,Truck,,
211,32.84,200.53,233.37,14195,24.0000000000002,0.0,23.499999999999943,664,666,14.75,11.82,Car,Truck,,
212,32.860000000000014,201.48,234.34,14196,24.24999999999997,6.249999999994316,23.749999999999716,664,666,14.75,11.82,Car,Truck,,
213,32.85000000000002,202.45,235.3,14197,24.0000000000002,6.249999999994316,24.24999999999997,664,666,14.75,11.82,Car,Truck,,
214,32.870000000000005,203.39,236.26,14198,23.99999999999949,1.7763568394002505e-11,23.499999999999943,664,666,14.75,11.82,Car,Truck,,
215,32.890000000000015,204.32999999999998,237.22,14199,24.0000000000002,1.7763568394002505e-11,23.499999999999943,664,666,14.75,11.82,Car,Truck,,
216,32.920000000000016,205.26,238.18,14200,24.0000000000002,0.0,23.25000000000017,664,666,14.75,11.82,Car,Truck,,
217,32.95000000000002,206.2,239.15,14201,24.24999999999997,6.249999999994316,23.499999999999943,664,666,14.75,11.82,Car,Truck,,
218,32.96000000000001,207.14,240.1,14202,23.749999999999716,12.500000000006395,23.499999999999943,664,666,14.75,11.82,Car,Truck,,
219,32.97000000000003,208.07999999999998,241.05,14203,23.750000000000426,1.7763568394002505e-11,23.499999999999943,664,666,14.75,11.82,Car,Truck,,
220,32.97999999999999,209.03,242.01,14204,23.99999999999949,6.249999999976552,23.750000000000426,664,666,14.75,11.82,Car,Truck,,
221,32.99000000000001,209.98,242.97,14205,24.0000000000002,1.7763568394002505e-11,23.749999999999716,664,666,14.75,11.82,Car,Truck,,
222,33.0,210.93,243.93,14206,24.0000000000002,0.0,23.750000000000426,664,666,14.75,11.82,Car,Truck,,
223,33.02000000000001,211.88,244.9,14207,24.24999999999997,6.249999999994316,23.749999999999716,664,666,14.75,11.82,Car,Truck,,
224,33.02000000000001,212.82999999999998,245.85,14208,23.749999999999716,12.500000000006395,23.749999999999716,664,666,14.75,11.82,Car,Truck,,
225,33.03999999999999,213.77,246.81,14209,24.0000000000002,6.250000000012079,23.500000000000654,664,666,14.75,11.82,Car,Truck,,
226,33.05000000000001,214.72,247.77,14210,24.0000000000002,0.0,23.749999999999716,664,666,14.75,11.82,Car,Truck,,
227,33.06,215.67,248.73,14211,23.99999999999949,1.7763568394002505e-11,23.749999999999716,664,666,14.75,11.82,Car,Truck,,
228,33.06999999999999,216.62,249.69,14212,24.0000000000002,1.7763568394002505e-11,23.750000000000426,664,666,14.75,11.82,Car,Truck,,
229,33.09,217.56,250.65,14213,24.0000000000002,0.0,23.499999999999943,664,666,14.75,11.82,Car,Truck,,
230,33.109999999999985,218.5,251.60999999999999,14214,23.99999999999949,1.7763568394002505e-11,23.499999999999943,664,666,14.75,11.82,Car,Truck,,
231,33.120000000000005,219.45,252.57,14215,24.0000000000002,1.7763568394002505e-11,23.749999999999716,664,666,14.75,11.82,Car,Truck,,
232,33.150000000000006,220.39,253.54,14216,24.24999999999997,6.249999999994316,23.499999999999943,664,666,14.75,11.82,Car,Truck,,
233,33.150000000000006,221.35,254.5,14217,24.0000000000002,6.249999999994316,24.0000000000002,664,666,14.75,11.82,Car,Truck,,
234,33.16,222.3,255.46,14218,24.0000000000002,0.0,23.750000000000426,664,666,14.75,11.82,Car,Truck,,
235,33.18000000000001,223.25,256.43,14219,24.24999999999997,6.249999999994316,23.749999999999716,664,666,14.75,11.82,Car,Truck,,
236,33.19,224.2,257.39,14220,23.99999999999949,6.250000000012079,23.749999999999716,664,666,14.75,11.82,Car,Truck,,
237,33.19,225.15,258.34000000000003,14221,23.750000000000426,6.249999999976552,23.750000000000426,664,666,14.75,11.82,Car,Truck,,
238,33.20000000000002,226.1,259.3,14222,24.0000000000002,6.249999999994316,23.749999999999716,664,666,14.75,11.82,Car,Truck,,
239,33.19999999999999,227.06,260.26,14223,23.99999999999949,1.7763568394002505e-11,24.0000000000002,664,666,14.75,11.82,Car,Truck,,
240,33.21000000000001,228.01,261.22,14224,24.0000000000002,1.7763568394002505e-11,23.749999999999716,664,666,14.75,11.82,Car,Truck,,
241,33.23000000000002,228.95,262.18,14225,24.0000000000002,0.0,23.499999999999943,664,666,14.75,11.82,Car,Truck,,
242,33.22999999999999,229.91,263.14,14226,23.99999999999949,1.7763568394002505e-11,24.0000000000002,664,666,14.75,11.82,Car,Truck,,
243,33.24000000000001,230.85999999999999,264.1,14227,24.0000000000002,1.7763568394002505e-11,23.749999999999716,664,666,14.75,11.82,Car,Truck,,
244,33.25,231.81,265.06,14228,24.0000000000002,0.0,23.750000000000426,664,666,14.75,11.82,Car,Truck,,
245,33.26000000000002,232.76,266.02,14229,24.0000000000002,0.0,23.749999999999716,664,666,14.75,11.82,Car,Truck,,
246,33.26999999999998,233.71,266.98,14230,23.99999999999949,1.7763568394002505e-11,23.750000000000426,664,666,14.75,11.82,Car,Truck,,
247,33.28,234.66,267.94,14231,24.0000000000002,1.7763568394002505e-11,23.749999999999716,664,666,14.75,11.82,Car,Truck,,
248,33.290000000000006,235.60999999999999,268.9,14232,23.999999999999844,8.881784197001252e-12,23.749999999999716,664,666,14.75,11.82,Car,Truck,,
249,33.30000000000001,236.57,269.87,14233,24.250000000000327,6.250000000012079,24.0000000000002,664,666,14.75,11.82,Car,Truck,,
250,33.31,237.51,270.82,14234,23.749999999999716,12.500000000015277,23.499999999999943,664,666,14.75,11.82,Car,Truck,,
251,33.31999999999999,238.46,271.78,14235,24.0000000000002,6.250000000012079,23.750000000000426,664,666,14.75,11.82,Car,Truck,,
252,33.33,239.41,272.74,14236,23.999999999999844,8.881784197001252e-12,23.749999999999716,664,666,14.75,11.82,Car,Truck,,
253,33.33999999999999,240.37,273.71,14237,24.24999999999997,6.250000000003197,24.0000000000002,664,666,14.75,11.82,Car,Truck,,
254,33.35000000000001,241.32,274.67,14238,24.0000000000002,6.249999999994316,23.749999999999716,664,666,14.75,11.82,Car,Truck,,
255,33.36999999999999,242.27,275.64,14239,24.24999999999997,6.249999999994316,23.750000000000426,664,666,14.75,11.82,Car,Truck,,
256,33.370000000000005,243.23,276.6,14240,23.999999999999844,6.250000000003197,23.99999999999949,664,666,14.75,11.82,Car,Truck,,
257,33.370000000000005,244.19,277.56,14241,24.0000000000002,8.881784197001252e-12,24.0000000000002,664,666,14.75,11.82,Car,Truck,,
258,33.38000000000001,245.14,278.52,14242,23.999999999999844,8.881784197001252e-12,23.749999999999716,664,666,14.75,11.82,Car,Truck,,
259,33.40000000000002,246.07999999999998,279.48,14243,24.0000000000002,8.881784197001252e-12,23.499999999999943,664,666,14.75,11.82,Car,Truck,,
260,33.39999999999999,247.03,280.43,14244,23.749999999999716,6.250000000012079,23.750000000000426,664,666,14.75,11.82,Car,Truck,,
261,33.41000000000001,247.98,281.39,14245,24.0000000000002,6.250000000012079,23.749999999999716,664,666,14.75,11.82,Car,Truck,,
262,33.39999999999999,248.93,282.33,14246,23.499999999999943,12.500000000006395,23.750000000000426,664,666,14.75,11.82,Car,Truck,,
263,33.400000000000006,249.89,283.28999999999996,14247,23.999999999999844,12.499999999997513,23.99999999999949,664,666,14.75,11.82,Car,Truck,,
264,33.39,250.85,284.24,14248,23.75000000000007,6.249999999994316,24.0000000000002,664,666,14.75,11.82,Car,Truck,,
265,33.379999999999995,251.81,285.19,14249,23.75000000000007,0.0,24.0000000000002,664,666,14.75,11.82,Car,Truck,,
266,33.37999999999998,252.77,286.15,14250,23.999999999999844,6.249999999994316,24.0000000000002,664,666,14.75,11.82,Car,Truck,,
267,33.39,253.72,287.11,14251,24.0000000000002,8.881784197001252e-12,23.749999999999716,664,666,14.75,11.82,Car,Truck,,
268,33.389999999999986,254.68,288.07,14252,23.999999999999844,8.881784197001252e-12,24.0000000000002,664,666,14.75,11.82,Car,Truck,,
269,33.39,255.63,289.02,14253,23.75000000000007,6.249999999994316,23.749999999999716,664,666,14.75,11.82,Car,Truck,,
270,33.390000000000015,256.58,289.97,14254,23.75000000000007,0.0,23.749999999999716,664,666,14.75,11.82,Car,Truck,,
271,33.40999999999998,257.52,290.92999999999995,14255,23.999999999999844,6.249999999994316,23.500000000000654,664,666,14.75,11.82,Car,Truck,,
272,33.42999999999999,258.47,291.90000000000003,14256,24.24999999999997,6.250000000003197,23.749999999999716,664,666,14.75,11.82,Car,Truck,,
273,33.41999999999999,259.43,292.85,14257,23.75000000000007,12.499999999997513,24.0000000000002,664,666,14.75,11.82,Car,Truck,,
274,33.41000000000001,260.39,293.8,14258,23.75000000000007,0.0,23.99999999999949,664,666,14.75,11.82,Car,Truck,,
275,33.41999999999999,261.34000000000003,294.76,14259,23.999999999999844,6.249999999994316,23.750000000000426,664,666,14.75,11.82,Car,Truck,,
276,33.40999999999998,262.3,295.71,14260,23.75000000000007,6.249999999994316,24.0000000000002,664,666,14.75,11.82,Car,Truck,,
277,33.42,263.25,296.67,14261,24.0000000000002,6.250000000003197,23.749999999999716,664,666,14.75,11.82,Car,Truck,,
278,33.41999999999999,264.21000000000004,297.63,14262,23.999999999999844,8.881784197001252e-12,24.0000000000002,664,666,14.75,11.82,Car,Truck,,
279,33.42,265.15999999999997,298.58,14263,23.75000000000007,6.249999999994316,23.749999999999716,664,666,14.75,11.82,Car,Truck,,
280,33.44000000000001,266.11,299.55,14264,24.24999999999997,12.499999999997513,23.749999999999716,664,666,14.75,11.82,Car,Truck,,
281,33.43000000000001,267.07,300.5,14265,23.75000000000007,12.499999999997513,24.0000000000002,664,666,14.75,11.82,Car,Truck,,
282,33.45,268.01,301.46,14266,23.999999999999844,6.249999999994316,23.499999999999943,664,666,14.75,11.82,Car,Truck,,
283,33.46000000000001,268.96,302.41999999999996,14267,24.0000000000002,8.881784197001252e-12,23.75000000000007,664,666,14.75,11.82,Car,Truck,,
284,33.45,269.92,303.37,14268,23.75000000000007,6.250000000003197,24.0000000000002,664,666,14.75,11.82,Car,Truck,,
285,33.459999999999994,270.87,304.33,14269,23.999999999999844,6.249999999994316,23.75000000000007,664,666,14.75,11.82,Car,Truck,,
286,33.46000000000001,271.82,305.28,14270,23.75000000000007,6.249999999994316,23.749999999999716,664,666,14.75,11.82,Car,Truck,,
287,33.459999999999994,272.78,306.23999999999995,14271,23.999999999999844,6.249999999994316,24.0000000000002,664,666,14.75,11.82,Car,Truck,,
288,33.44,273.75,307.19,14272,23.75000000000007,6.249999999994316,24.24999999999997,664,666,14.75,11.82,Car,Truck,,
289,33.44,274.72,308.16,14273,24.24999999999997,12.499999999997513,24.24999999999997,664,666,14.75,11.82,Car,Truck,,
290,33.44000000000001,275.68,309.12,14274,24.0000000000002,6.249999999994316,23.999999999999844,664,666,14.75,11.82,Car,Truck,,
291,33.44,276.63,310.07,14275,23.749999999999716,6.250000000012079,23.75000000000007,664,666,14.75,11.82,Car,Truck,,
292,33.459999999999994,277.58,311.03999999999996,14276,24.24999999999997,12.500000000006395,23.75000000000007,664,666,14.75,11.82,Car,Truck,,
293,33.459999999999994,278.53,311.98999999999995,14277,23.75000000000007,12.499999999997513,23.75000000000007,664,666,14.75,11.82,Car,Truck,,
294,33.459999999999994,279.47,312.93,14278,23.499999999999943,6.250000000003197,23.499999999999943,664,666,14.75,11.82,Car,Truck,,
295,33.459999999999994,280.42,313.88,14279,23.75000000000007,6.250000000003197,23.75000000000007,664,666,14.75,11.82,Car,Truck,,
296,33.47,281.37,314.84000000000003,14280,24.0000000000002,6.250000000003197,23.75000000000007,664,666,14.75,11.82,Car,Truck,,
297,33.47,282.33,315.79999999999995,14281,23.999999999999844,8.881784197001252e-12,23.999999999999844,664,666,14.75,11.82,Car,Truck,,
298,33.47999999999999,283.28,316.76,14282,23.999999999999844,0.0,23.75000000000007,664,666,14.75,11.82,Car,Truck,,
299,33.47999999999999,284.23,317.71000000000004,14283,23.75000000000007,6.249999999994316,23.75000000000007,664,666,14.75,11.82,Car,Truck,,
300,33.480000000000004,285.19,318.67,14284,24.0000000000002,6.250000000003197,23.999999999999844,664,666,14.75,11.82,Car,Truck,,
301,33.47,286.15999999999997,319.63,14285,23.999999999999844,8.881784197001252e-12,24.24999999999997,664,666,14.75,11.82,Car,Truck,,
302,33.480000000000004,287.11,320.59000000000003,14286,24.0000000000002,8.881784197001252e-12,23.75000000000007,664,666,14.75,11.82,Car,Truck,,
303,33.47999999999999,288.06,321.53999999999996,14287,23.749999999999716,6.250000000012079,23.75000000000007,664,666,14.75,11.82,Car,Truck,,
304,33.49000000000001,289.01,322.5,14288,24.0000000000002,6.250000000012079,23.749999999999716,664,666,14.75,11.82,Car,Truck,,
305,33.49000000000001,289.96,323.45,14289,23.75000000000007,6.250000000003197,23.75000000000007,664,666,14.75,11.82,Car,Truck,,
306,33.489999999999995,290.92,324.41,14290,23.999999999999844,6.249999999994316,24.0000000000002,664,666,14.75,11.82,Car,Truck,,
307,33.49000000000001,291.88,325.37,14291,24.0000000000002,8.881784197001252e-12,23.999999999999844,664,666,14.75,11.82,Car,Truck,,
308,33.5,292.83,326.33,14292,23.999999999999844,8.881784197001252e-12,23.75000000000007,664,666,14.75,11.82,Car,Truck,,
309,33.5,293.78,327.28,14293,23.75000000000007,6.249999999994316,23.75000000000007,664,666,14.75,11.82,Car,Truck,,
310,33.50999999999999,294.73,328.24,14294,23.999999999999844,6.249999999994316,23.75000000000007,664,666,14.75,11.82,Car,Truck,,
311,33.510000000000005,295.69,329.2,14295,24.0000000000002,8.881784197001252e-12,23.999999999999844,664,666,14.75,11.82,Car,Truck,,
312,33.510000000000005,296.65,330.15999999999997,14296,23.999999999999844,8.881784197001252e-12,23.999999999999844,664,666,14.75,11.82,Car,Truck,,
313,33.52000000000001,297.6,331.12,14297,24.0000000000002,8.881784197001252e-12,23.75000000000007,664,666,14.75,11.82,Car,Truck,,
314,33.53,298.55,332.08000000000004,14298,23.999999999999844,8.881784197001252e-12,23.75000000000007,664,666,14.75,11.82,Car,Truck,,
315,33.53,299.5,333.03,14299,23.75000000000007,6.249999999994316,23.75000000000007,664,666,14.75,11.82,Car,Truck,,
316,33.52,300.46,333.97999999999996,14300,23.749999999999893,4.440892098500626e-12,23.999999999999844,664,666,14.75,11.82,Car,Truck,,
317,33.519999999999996,301.42,334.94,14301,24.00000000000002,6.250000000003197,24.0000000000002,664,666,14.75,11.82,Car,Truck,,
318,33.510000000000005,302.38,335.89,14302,23.75000000000007,6.2499999999987566,23.999999999999844,664,666,14.75,11.82,Car,Truck,,
319,33.49999999999999,303.34000000000003,336.84000000000003,14303,23.749999999999893,4.440892098500626e-12,24.0000000000002,664,666,14.75,11.82,Car,Truck,,
320,33.49,304.3,337.79,14304,23.75000000000007,4.440892098500626e-12,23.999999999999844,664,666,14.75,11.82,Car,Truck,,
321,33.49000000000001,305.26,338.75,14305,24.00000000000002,6.2499999999987566,23.999999999999844,664,666,14.75,11.82,Car,Truck,,
322,33.49,306.22,339.71000000000004,14306,24.00000000000002,0.0,24.0000000000002,664,666,14.75,11.82,Car,Truck,,
323,33.489999999999995,307.17,340.66,14307,23.749999999999893,6.250000000003197,23.75000000000007,664,666,14.75,11.82,Car,Truck,,
324,33.489999999999995,308.12,341.61,14308,23.75000000000007,4.440892098500626e-12,23.75000000000007,664,666,14.75,11.82,Car,Truck,,
325,33.49,309.07,342.56,14309,23.749999999999893,4.440892098500626e-12,23.749999999999716,664,666,14.75,11.82,Car,Truck,,
326,33.489999999999995,310.03,343.52,14310,24.00000000000002,6.250000000003197,24.0000000000002,664,666,14.75,11.82,Car,Truck,,
327,33.480000000000004,310.99,344.47,14311,23.75000000000007,6.2499999999987566,23.999999999999844,664,666,14.75,11.82,Car,Truck,,
328,33.48,311.95,345.43,14312,24.00000000000002,6.2499999999987566,24.0000000000002,664,666,14.75,11.82,Car,Truck,,
329,33.49000000000001,312.9,346.39,14313,24.00000000000002,0.0,23.749999999999716,664,666,14.75,11.82,Car,Truck,,
330,33.48,313.86,347.34000000000003,14314,23.749999999999893,6.250000000003197,24.0000000000002,664,666,14.75,11.82,Car,Truck,,
331,33.489999999999995,314.81,348.3,14315,24.00000000000002,6.250000000003197,23.75000000000007,664,666,14.75,11.82,Car,Truck,,
332,33.480000000000004,315.77,349.25,14316,23.75000000000007,6.2499999999987566,23.999999999999844,664,666,14.75,11.82,Car,Truck,,
333,33.49,316.72,350.21000000000004,14317,24.00000000000002,6.2499999999987566,23.75000000000007,664,666,14.75,11.82,Car,Truck,,
334,33.480000000000004,317.68,351.16,14318,23.749999999999893,6.250000000003197,23.999999999999844,664,666,14.75,11.82,Car,Truck,,
335,33.49,318.63,352.12,14319,24.00000000000002,6.250000000003197,23.75000000000007,664,666,14.75,11.82,Car,Truck,,
336,33.48,319.58,353.06,14320,23.499999999999943,12.500000000001954,23.75000000000007,664,666,14.75,11.82,Car,Truck,,
337,33.470000000000006,320.53999999999996,354.01,14321,23.75000000000007,6.250000000003197,23.999999999999844,664,666,14.75,11.82,Car,Truck,,
338,33.449999999999996,321.5,354.95,14322,23.499999999999943,6.250000000003197,24.0000000000002,664,666,14.75,11.82,Car,Truck,,
339,33.43,322.47,355.90000000000003,14323,23.75000000000007,6.250000000003197,24.24999999999997,664,666,14.75,11.82,Car,Truck,,
340,33.41,323.44,356.85,14324,23.749999999999893,4.440892098500626e-12,24.24999999999997,664,666,14.75,11.82,Car,Truck,,
341,33.400000000000006,324.4,357.79999999999995,14325,23.75000000000007,4.440892098500626e-12,23.999999999999844,664,666,14.75,11.82,Car,Truck,,
342,33.379999999999995,325.37,358.75,14326,23.75000000000007,0.0,24.250000000000327,664,666,14.75,11.82,Car,Truck,,
343,33.37,326.33,359.7,14327,23.749999999999893,4.440892098500626e-12,23.999999999999844,664,666,14.75,11.82,Car,Truck,,
344,33.36,327.3,360.66,14328,24.00000000000002,6.250000000003197,24.24999999999997,664,666,14.75,11.82,Car,Truck,,
345,33.36000000000001,328.26,361.62,14329,24.00000000000002,0.0,23.999999999999844,664,666,14.75,11.82,Car,Truck,,
346,33.35,329.22,362.57000000000005,14330,23.75000000000007,6.2499999999987566,24.0000000000002,664,666,14.75,11.82,Car,Truck,,
347,33.35000000000001,330.18,363.53000000000003,14331,24.00000000000002,6.2499999999987566,23.999999999999844,664,666,14.75,11.82,Car,Truck,,
348,33.339999999999996,331.14,364.47999999999996,14332,23.749999999999893,6.250000000003197,24.0000000000002,664,666,14.75,11.82,Car,Truck,,
349,33.349999999999994,332.09000000000003,365.44000000000005,14333,24.00000000000002,6.250000000003197,23.75000000000007,664,666,14.75,11.82,Car,Truck,,
350,33.34,333.06,366.4,14334,24.00000000000002,0.0,24.249999999999794,664,666,14.75,11.82,Car,Truck,,
351,33.34,334.01,367.35,14335,23.749999999999982,6.250000000000977,23.75000000000007,664,666,14.75,11.82,Car,Truck,,
352,33.33,334.98,368.31,14336,24.00000000000002,6.250000000000977,24.24999999999997,664,666,14.75,11.82,Car,Truck,,
353,33.33,335.94,369.27,14337,23.999999999999932,2.220446049250313e-12,24.00000000000002,664,666,14.75,11.82,Car,Truck,,
354,33.32,336.9,370.21999999999997,14338,23.75000000000007,6.249999999996536,24.00000000000002,664,666,14.75,11.82,Car,Truck,,
355,33.3,337.87,371.17,14339,23.749999999999982,2.220446049250313e-12,24.24999999999997,664,666,14.75,11.82,Car,Truck,,
356,33.29,338.82,372.11,14340,23.500000000000032,6.2499999999987566,23.75000000000007,664,666,14.75,11.82,Car,Truck,,
357,33.28999999999999,339.78,373.06999999999994,14341,23.999999999999932,12.499999999997513,24.00000000000002,664,666,14.75,11.82,Car,Truck,,
358,33.28,340.73,374.01,14342,23.500000000000032,12.499999999997513,23.749999999999893,664,666,14.75,11.82,Car,Truck,,
359,33.28,341.68,374.96000000000004,14343,23.749999999999982,6.2499999999987566,23.75000000000007,664,666,14.75,11.82,Car,Truck,,
360,33.269999999999996,342.64,375.90999999999997,14344,23.749999999999982,0.0,24.00000000000002,664,666,14.75,11.82,Car,Truck,,
361,33.260000000000005,343.6,376.86,14345,23.75000000000007,2.220446049250313e-12,23.999999999999844,664,666,14.75,11.82,Car,Truck,,
362,33.23,344.57,377.8,14346,23.499999999999943,6.250000000003197,24.25000000000015,664,666,14.75,11.82,Car,Truck,,
363,33.209999999999994,345.54,378.75,14347,23.749999999999982,6.250000000000977,24.24999999999997,664,666,14.75,11.82,Car,Truck,,
364,33.2,346.5,379.7,14348,23.75000000000007,2.220446049250313e-12,24.00000000000002,664,666,14.75,11.82,Car,Truck,,
365,33.199999999999996,347.46,380.65999999999997,14349,23.99999999999998,6.249999999997691,24.00000000000002,664,666,14.75,11.82,Car,Truck,,
366,33.21,348.42,381.63,14350,24.24999999999997,6.249999999999822,23.999999999999844,664,666,14.75,11.82,Car,Truck,,
367,33.22,349.37,382.59000000000003,14351,24.00000000000002,6.2499999999987566,23.75000000000007,664,666,14.75,11.82,Car,Truck,,
368,33.22,350.33,383.54999999999995,14352,23.99999999999998,1.0658141036401503e-12,24.00000000000002,664,666,14.75,11.82,Car,Truck,,
369,33.23,351.29,384.52000000000004,14353,24.250000000000014,6.250000000000888,24.00000000000002,664,666,14.75,11.82,Car,Truck,,
370,33.230000000000004,352.26,385.49,14354,24.250000000000014,0.0,24.24999999999997,664,666,14.75,11.82,Car,Truck,,
371,33.239999999999995,353.22,386.46000000000004,14355,24.24999999999997,1.0658141036401503e-12,24.00000000000002,664,666,14.75,11.82,Car,Truck,,
372,33.239999999999995,354.18,387.42,14356,24.00000000000002,6.2499999999987566,24.00000000000002,664,666,14.75,11.82,Car,Truck,,
373,33.23,355.15,388.38,14357,23.99999999999998,1.0658141036401503e-12,24.24999999999997,664,666,14.75,11.82,Car,Truck,,
374,33.239999999999995,356.11,389.35,14358,24.250000000000014,6.250000000000888,24.00000000000002,664,666,14.75,11.82,Car,Truck,,
375,33.239999999999995,357.07,390.31,14359,24.0,6.250000000000355,24.00000000000002,664,666,14.75,11.82,Car,Truck,,
376,33.25,358.01,391.26,14360,23.750000000000004,6.249999999999911,23.499999999999943,664,666,14.75,11.82,Car,Truck,,
377,33.26,358.96,392.21999999999997,14361,24.0,6.249999999999911,23.75000000000007,664,666,14.75,11.82,Car,Truck,,
378,33.260000000000005,359.92,393.18,14362,24.0,0.0,23.999999999999844,664,666,14.75,11.82,Car,Truck,,
379,33.260000000000005,360.88,394.14,14363,24.0,0.0,24.00000000000002,664,666,14.75,11.82,Car,Truck,,
380,33.25,361.85,395.1,14364,23.999999999999993,1.7763568394002505e-13,24.24999999999997,664,666,14.75,11.82,Car,Truck,,
381,33.239999999999995,362.82,396.06,14365,24.000000000000004,2.6645352591003757e-13,24.25000000000015,664,666,14.75,11.82,Car,Truck,,
382,33.239999999999995,363.78,397.02,14366,24.0,8.881784197001252e-14,24.00000000000002,664,666,14.75,11.82,Car,Truck,,
383,33.230000000000004,364.75,397.98,14367,24.000000000000004,8.881784197001252e-14,24.249999999999883,664,666,14.75,11.82,Car,Truck,,
384,33.230000000000004,365.71,398.94,14368,24.0,8.881784197001252e-14,24.00000000000002,664,666,14.75,11.82,Car,Truck,,
385,33.230000000000004,366.68,399.91,14369,24.250000000000004,6.250000000000089,24.24999999999997,664,666,14.75,11.82,Car,Truck,,
386,33.230000000000004,367.64,400.87,14370,23.99999999999999,6.250000000000355,24.00000000000002,664,666,14.75,11.82,Car,Truck,,
387,33.24,368.59,401.83,14371,24.0,2.6645352591003757e-13,23.749999999999982,664,666,14.75,11.82,Car,Truck,,
388,33.24,369.55,402.79,14372,24.0,0.0,24.00000000000002,664,666,14.75,11.82,Car,Truck,,
389,33.24,370.51,403.75,14373,24.0,0.0,24.00000000000002,664,666,14.75,11.82,Car,Truck,,
390,33.239999999999995,371.47,404.71000000000004,14374,24.0,0.0,24.00000000000002,664,666,14.75,11.82,Car,Truck,,
391,33.25,372.42,405.67,14375,24.00000000000002,5.329070518200751e-13,23.749999999999982,664,666,14.75,11.82,Car,Truck,,
392,33.26,373.38,406.64,14376,24.24999999999997,6.2499999999987566,24.00000000000002,664,666,14.75,11.82,Car,Truck,,
